,页码,评论者,星级,IP属地,评论内容
0,1,nikki,3星,广东,23_034。话说我好像没正经看过粤剧，只能说初次看还真的挺不习惯的。全程真人和CG结合这种真的画面挺奇怪的。另外虽然大家对这故事都很熟了，其实总结一句就是“美色累人”，明明可以自己修成正果的就为个男人这样拖累了不值得，真是不值得啊
1,2,臻圣,3星,北京,传播中国传统文化，值得推崇！场景美轮美奂，粤语清脆悦耳，演员唱念做打都是台下多年训练的功底。水墨画般的特效意外好看，很奇妙的观影体验。
2,2,zen,3星,上海,美则美矣
3,2,丁卯,3星,北京,画面很美，特效很漂亮，节奏很慢，其他没有任何惊喜
4,2,浮生若梦,3星,加拿大,影像的助力使戏曲这门艺术变得立体，也增加了更多叙事的空间，然而它并不能称之为电影。
5,3,凉白开养鱼,3星,江苏,特效牛逼，粤语很美，剧情…就不好说什么，毕竟是戏曲，跳着看
6,3,殺死金毛玲,3星,浙江,审美疲劳啦
7,3,乐马斯,3星,上海,我愿称法海为东方撒旦（狗头），最喜欢的角色一直是小青。其实已经很好了，给7分完全没问题，但如果说有什么问题的话，那在于戏剧与电影的平衡感，还可以更粤剧一点，现在部分对手戏和动作的处理太电影化了。
8,4,今生、唯爱,3星,浙江,我爷爷奶奶一定爱看，只是我现在还没有到喜欢戏曲的年纪！
9,4,徐友惟,3星,江苏,是我肤浅了
10,4,Goldstein.MoT,3星,北京,对粤剧无感，也不是个传统戏曲迷。只是凑凑热闹看的，形式上的确有创新之处，将传统戏台子搬到了大荧幕上。
11,5,逗号后面没有了，,3星,北京,画面精美，体裁新颖，也或许不算新颖，只是比较小众少见，毕竟《定军山》就是戏剧电影。
12,5,愿今朝,3星,江苏,唯美背景，不变唱腔，水漫金山视效磅礴，依然最靓看点
13,5,何欧点益,3星,浙江,支持传统文化
14,5,齐柏林某人,3星,四川,可以更好
15,6,伯彦,3星,广东,视效独一档的好，可以说每一帧都是壁纸，只是白话文普及到现在，国粹戏曲已经慢慢变成小之小众的艺术了。
16,6,奎妮（撒野版）,3星,广东,粤剧第一次看，新鲜感十足，但是在我心目中《青蛇》之后，这个老故事就很难超越了。
17,6,白色条纹,3星,浙江,还可以，但是没有弹幕里夸得那么天花乱坠。群体效应可怕。
18,7,帝九年,3星,河北,太美了，视听效果绝佳，真的没想到以这种方式重温这个故事
19,7,Christelle,3星,浙江,妖痴起情来，比人痴...白娘子不过为求一段情、成一段缘，哪知遇上个软耳根没主见的唉...这缘，是正缘孽缘也实在不好说...粤语的韵律很上头；但唱词与外包装形态和看到过的越剧都是同样的境遇与问题，粤剧还稍微好些...
20,7,笑央,3星,北京,小西天打卡，偶遇导演交流会。唱的片段偏少。大荧幕比看剧场省力气。
21,8,宝莲,3星,法国,电影视听对于戏曲来说是一种新的方式吗？美术风格非常禁欲，故事也是老掉牙
22,8,ilsbsblm,3星,浙江,小青依然亮眼~
23,8,2007,3星,河南,不太如预期总体不错动作戏有点儿太跳了戏蛮好听
24,8,愚人之智,3星,广东,每次看白蛇传的故事我都想连夜爬上恐直山
25,8,江湖一闲人,3星,山东,在B站看完了，画面很美。
26,8,零余者i,3星,山东,人执迷，妖不悟，盈盈袅袅一段情，文可观，画足叹，朦朦胧胧一处缘。半文不土，老且年轻，似是文化困境，也是文化出路。<3.5>
27,8,咸鱼啊做个人吧,3星,上海,画面非常美丽，尤其是水袖打戏飘逸如云，但是水漫金山时法海的特效怎么越看越像堕天使啊！
28,9,Sophie,3星,广东,飞机上放的，台词、翻译、特效有点意思。
29,9,张翔森,3星,辽宁,老掉牙的故事拍了一遍又一遍，不管是新瓶装旧酒还是换汤不换药，都无法令人提起精神。
30,10,火娃,3星,福建,6/10。烟雨朦胧和远山环绕的绘画布景渲染出一股灵动之气，人物常居于构图一侧，剩余的画面用白雾、竹林填充，圆窗的框景手法则将许、白新婚夜呈现出人妖相隔的意味。有一处空镜是把池中荷花置点缀于构图上下，其间鱼儿游动，镜花水月呼应了白蛇喝雄黄酒现蛇形、奔到卧室照镜子一场戏，镜水象征被压抑的本体欲望。影片以情为核心：法海对万物留有善念，看到青蛇林间飞翔并未阻拦击杀，劝诫许仙但不强留、原谅了动情放走许仙的小和尚；鹿仙童打斗中落崖被白蛇用水袖一把捞起，怜惜白蛇腹中胎儿，劝阻鹤仙童放任她拿走灵芝；当白蛇营救许仙，面对墨滴晕染聚塑为人群的棍僧，以舞如旋风的长袖武打回击，因身孕败退、凌空摔倒，舞动水袖来催动滔天巨浪，法海先用袈裟化作的金色墙壁挡在金山寺前，后挥起禅杖搅动巨浪，是情柔似薄纱而法威正如山的冲击性对比。
31,10,行行行,3星,美国,一开始找错资源看了部纯舞台演出的版本全程坐立不安哈欠连天也没感受出什么特殊舞台效果后来才知道还有这个“特效”版又找来看观影体验大幅提升人果然是视觉动物。。尽管总有无限拉长的唱段节奏仍比想象中快至少在达到枯燥感的边缘前还能有足够的画面吸睛平面舞台感的设计也很新颖不过好不好看最根本的问题还是故事可以再创新一点。。。
32,11,是茶,3星,河北,形式让我很吃惊又像水墨画又像话剧的戏曲小青真是人间清醒
33,11,那一抹无名的红,3星,湖南,2.5文戏走传统，武戏上特效，怎么说呢？那舞台上，水漫金山这场戏正经是怎么演的？演员表演不差，尤其是打小练的身段，架子一摆开，看得见的好。只是就还是，这样的结合基本是两头都没顾不上，感觉创作组就没想明白，要表现的到底是什么，拍脑门想就上简单的拼贴，太敷衍了。所以粤剧，伴奏组里还有弦乐组？
34,11,是为卿封笔吖,3星,黑龙江,这里是恋爱脑小白蛇和人间清醒小青蛇挺感动的。
35,12,Lyons,3星,北京,戏曲电影的新尝试，白蛇故事并无创新，收尾部分的唱词还略显尴尬，CG技术的加入提升了部分观感，却也让另外的部分显得廉价，水漫金山几场的set很容易想起徐克的《青蛇》，ps说起电影感这东西，比起NT疫情期间由舞台剧现场转成戏剧电影的《罗朱》，真的差了不止一点
36,13,Lucky李IST,3星,江苏,"白蛇傳·情(2019101min粤语)2022.09.03曹杨影城推荐星级：★★★小李评分：6.3小季评分：6.5#粤剧五折戏，能勾起年轻人对戏曲的好奇心，戏曲和电影的交融可以成为中国风的歌舞片。澳大利亚和韩国的特效团队贡献90%的特效画面，山如眉黛，雾锁江南，水漫金山的特效令人惊叹，赋予戏曲这一艺术形式更加优雅的姿态。构图考究，审美养眼，戏曲由真而实更为自由融合，水墨写意，更讲究的是器乐和留白。依然是小青的台词最为接近""有情""的内核：""人家你情我愿，碍了谁人的眼？关了哪佛的事？逆了哪里的天？""#"
37,13,summerwine,3星,北京,补。去年在77那个简陋剧场看完的，印象里洋红色调重得离谱。
38,14,无复烟火,3星,江西,每一帧都跟中国水墨画一样白蛇传的故事确实是家喻户晓不过第一次接触传统戏曲中的白蛇它没有拖沓的剧情没有演员替身全都是演员自己实打实的功夫初遇-定情-昆仑盗仙草-水漫金山-续情-守护雷峰塔我非常喜欢小青这个角色从一开始懵懵懂懂跟着白蛇来到人间不知人间的感情有何好处但见到白蛇的经历从一开始对许仙的崇拜变成讨厌面对法海毫不惧色坚守自己的想法片中的《圆我的愿》用温柔的女声唱出白蛇对许仙感情的坚韧不悔而《天蓝蓝水涟涟》总能让人联想起西湖美景波光粼粼的湖面盛开的荷花……转自B站评论区
39,14,这里,3星,上海,很美，但美不等于艺术，美的过于端庄反而趋向于无趣。何况白蛇传的故事讲了千万遍，纵使情深意切不变，社会的主要矛盾却早已变了。
40,14,麦田牧羊人,3星,广东,美术和特效都很美很有韵味，但是还是耐不住很困，可能是这个经典故事被演绎过很多次了，加上粤剧这种形式说词太漫了，有点难入戏😂。
41,14,璐尔北,3星,北京,用看戏曲依然觉得遭罪来判定自己应该还没上年纪，偏通俗的唱段倒是挺好听的。
42,14,葵栗,3星,四川,质感不如宣传片
43,15,回车挂扶桑,3星,北京,1分创意，1分特效，1分文化保护
44,15,潘晓婷,3星,吉林,画面和唱腔美则美矣，故事内核还是老一套，远远不如30年前那版《青蛇》，娇媚的王祖贤、曼妙的张曼玉、挣扎的法海。
45,15,森sen,3星,山西,3.5
46,15,u,3星,四川,画面很美奈何鄙人实在不感冒
47,16,马来可,3星,北京,戏曲艺术与电影艺术一次有趣的尝试单从电影角度来谈还是有很多应该做的更好的地方……
48,16,Youlzihu,3星,陕西,三星给类型吧
49,16,泡鱼,3星,广东,非常不错的视听体验，CG+粤剧，同样也喜欢许仙的改编结尾，但愿世间情常在，不负人间一百年。
50,16,Linkinopio,3星,上海,剧情没什么新意，只是粤剧电影的形式和画面质感值得一赏，看完审美又多元了一些。
51,17,Po1arBear,3星,德国,构图色彩确实好看，希望以后能有更多这种融合中国传统戏曲的电影出现。
52,17,直到世界尽头,3星,山东,戏曲和电影在表现上还是有较大差距，三星给勇气，不禁想起之前的相声电影
53,17,柏实,3星,江苏,看起来法力高强
54,18,山岄,3星,北京,画面很美，可能我对戏曲艺术暂时欣赏不来
55,19,JUNWK1334,3星,上海,形式算挺有想法，但你跟我讲这背景他妈是西湖那我也只好微笑了。剧情上感觉几乎没有任何新意，到如今白蛇入人间还是为了跟许仙续前世姻缘，有点恶心。只好讲唱词和身段好像还挺美，但话说回来我对粤剧毫无鉴赏的基础知识，这方面可能也只能看个热闹。
56,19,凯奇,3星,广西,披着cg的超英戏曲电影
57,1,Friday,5星,北京,本来找白蛇1呢，以为这个是，看完了才发现不是😂老师们工夫很深，画面很美，剧情耳熟能详没有别的创新，粤语调调听的有点困，不是很合我的口味
58,1,魏紫,5星,湖北,美
59,1,林妹妹在线rap,5星,江苏,厉害好看，当天很烦，本以为看这个会枯燥无味，结果挺好的
60,1,xr,3星,广西,武打戏份也相当精彩，导演并没有完全使用影视剧的语言逻辑，安排详实的布景和群演，故事基本上是在水墨图一样的渲染中展开，建筑风格也以美感为主不甚考究，甚至白娘子的前院铺上的是非常漂亮的灰白日式枯山水。
61,1,Hygge,4星,山西,从来没看过粤剧，但这个和数字技术结合的戏曲拍的实在吸引人。不知道白娘子传奇原著就是这样的还是怎么，很多台词像《青蛇》。
62,1,头梢柳上月,5星,北京,真没想到拍的如此惊艳。能把白蛇传的故事拍的这么别出心裁还真是大开眼界。
63,1,热心市民,5星,上海,@bilibili每一帧都美如画！
64,1,iooo,5星,江西,好看好看，戏曲也能做出年轻人喜爱的形式，怎么不可以！
65,1,破碎太阳之心,4星,重庆,看了开头片段好美啊
66,1,2023,5星,山西,妈呀，我好爱
67,1,草木青,4星,辽宁,感觉这个版本的剧情才更接近经典爱情传奇的样子，每个人的立场都合理但宿命还是给故事推向悲剧。特效挺好的，很有韵味，就是很多唱词偏俗，有些违和。
68,1,Déprimant si et,1星,广东,我宁愿去剧院买票，看人唱大戏，贵点就贵点。个人推荐一颗星，完全完全不推荐看。如果一定要欣赏戏曲影视，建议看看台湾的歌仔戏系列。台湾歌仔戏也是戏曲改编成影视向的戏曲，比这部电影好太多。真闹心，浪费时间看了一部烂片。
69,1,咿呀咿呀哟哈,3星,福建,一种颇有烟雨朦胧的江南氛围感的背景，一个我很熟悉的故事情
70,1,来世再见王小姐,5星,青海,刷逼站刷到了这部电影，又看了一遍。当时我记得是那段短暂的放风时间而且逃了我最喜欢的电脑课打车走了7公里才去哈一百旁边那个商场去看的，虽然过程非常的坎坷（牛魔的回来害感冒了我记得），但是我认为这次这种体验大概是自正联后第一次对一部电影产生如此浓厚的兴趣（可能是那段时间一直在看昆曲长生殿，牡丹亭之类的。但这部是粤剧）对于一个新时代的正常年轻人可能不去骂这部电影已经是一件好事了，做出改变是很难的，尤其是像戏剧，上一次的改变还是《十五贯》，伟大的毛主席不仅拯救了中国，也拯救了昆曲，本次改编第五折还是第四折白素贞大闹金山寺水袖那段戏是很对我的口味，电影+戏剧并且融入了武术和特效的效果对于老一辈的人肯定是赞不绝口，但是戏剧本身的节奏和语言模式对于不喜欢戏剧的年轻人可能是2小时的折磨，这个东西见仁见智吧
71,1,艾瑞可,4星,广东,还是不错的
72,1,做好自己胖别人,4星,四川,白素贞好美啊，武术动作精美，好看的
73,1,三朝进士,4星,甘肃,水漫金山的特效和编排可以称得上美轮美奂，用水墨风的背景衬起仙法对决，既满足了现代观众的观感，又不跳出传统戏曲的美感。但是有一些部分，由于戏曲与电影在艺术上的天然冲突，并不能在大荧幕上很好的展现。如开头许白相会用特效让二人上天入地，显得有些跳跃混乱，破坏了戏曲审美的节奏。又如最后白娘子永镇雷峰塔的段落，戏曲舞台上以伞为塔的处理，意味深长，却是只属于戏曲舞台的高度意向化表演，电影中直接造出一座塔的处理方法，比原戏曲显得笨重，也丧失了这部分的美感。
74,1,Ada.苒菻,5星,北京,直接爱上越剧！！！完美啊，无可挑剔啊！如果非要鸡蛋里挑骨头那就是花瓣特效还可以更加精进！比那个动画白蛇不知道高出多少个大鱼海棠哈哈哈哈哈！爱死爱死了！可惜没去电影院看！
75,1,涤玄,4星,山东,一部戏曲电影，也有特效，更有中国传统写意美学营造的意境美。情思缱绻，本就泪点高现在又不太吃爱情的我看到最后竟不觉落泪了。
76,1,爪子,5星,广西,演得真的很好啊，从来不知道粤剧演员这么优秀，不仅长得漂亮，演技还好，唱得很好听，手上都是肌肉打戏自己上，太牛了！看完就被“姊姊”“小青”洗脑到现在。能不能多来点这种，比各种乱七八糟改编的动漫白蛇好看多了！
77,2,萌兰,3星,北京,这是一部经久不衰的戏剧，跟电影联合起来的影片剧情描述的是白蛇跟许卿的爱情故事。
78,2,9_随缘,3星,山东,武打戏份也相当精彩让人大饱眼福
79,2,CING,3星,广东,粤剧很好，身段唱功都好，水袖好厉害，但按电影角度，镜头设计一般，舞台感比较重，背景虚假特效多，戏曲电影创新但风格需要适应。
80,2,一li幼苗,5星,河南,好看，传统戏曲故事多改些
81,2,无语,3星,广东,可以
82,2,梁伧,5星,广东,一帧一画，一颦一笑，一举一动，太美！！！
83,2,胡一白,5星,福建,改编成电影也太好看了吧，首先画质很棒，非常有中国的古典美学，里面的武打动作都非常流畅，优美。电影与传统戏曲完美结合，场景特效，服装搭配，转场都很不错，粤语唱词婉转悦耳，人物形象立体，台词功底扎实，通过小人物之口，说出为人之道，有情才为人。最喜欢的是第三，四，五幕戏，太精彩了。
84,2,Felix,4星,广东,惊艳的粤剧电影！
85,2,七七七七七七酱,5星,北京,好美，完全符合中式审美的背景第一部戏曲类的电影，前后拖了好几年才看完，哈哈哈哈心情平静的时候还是很愿意打开的
86,2,末先生没有詩,5星,陕西,如何绝美水墨人间！！！
87,2,海绵,4星,浙江,cg加戏剧，很好
88,2,WgkT,5星,广东,不敢说《白蛇传情》保留了多少传统戏曲的精髓，不敢断言能成为中国戏曲电影中的经典，但绝对是一部里程碑大作。最大的短板是故事无疑，许仙的形象还是稍显薄弱，可贵之处是运用数字视效技术呈现出了一个全新的充满现代感的粤剧舞台，虽然有穿帮，但在氛围营造上非常有效，光是水漫金山的那个水墨特色镜头就让人起鸡皮疙瘩。而且打斗、人物表演、台词、服装、道具、配乐节奏水平都很高，吊打一众廉价古风剧制作。在大起大落，起承转合过后，结尾的白蛇入塔高潮戏码竟然戳到了我的泪点，曾小敏老师的唱腔功不可没。这才是真正的艺术创新，不光传承了戏曲形式，还重新树立了中国古典审美的标杆。以后如果有人一时兴起想在艺术电影里淘金追忆，我觉得《白蛇传情》值得被挖掘和鉴赏。
89,2,瑞典神厨,5星,江苏,支持中华文化之瑰宝
90,2,拾贰二,4星,浙江,中国文化之美，画面好，台词好，唱腔也好。
91,2,Will,5星,天津,第一次看粤剧，遗憾当初上映时没有去大银幕看，想必体验一定会更好。
92,2,知归,未知,陕西,看画面和构图啥的特别像徐克的《青蛇》
93,2,剪一湖秋蓝,5星,北京,虽然是粤剧，但有电影的美感。排山倒海的画面很震撼。
94,2,Tomorrow,4星,山东,剧情紧凑，看完很多人还没走，差不多直到听完歌才走。
95,2,棋魂&OP!,5星,上海,第一次用美来形容电影。虽然平时不怎么看戏剧，但电影与戏剧相结合的形式让人感觉很舒服。
96,2,木朋Joy,未知,北京,画面极美韵味醇厚
97,3,jackman,4星,江苏,保持原有故事魅力的同时，通过创新的视角、深刻的人物刻画、卓越的视觉效果和丰富的文化内涵，为观众提供一个既熟悉又新颖的故事，那么它可以被视为是一次成功的改编，尤其是戏曲元素的注入，塑造了一场东方美学的视听盛宴，也是传统戏曲新的希望，无论是特效之作，还是艺术审美设计，或者剧情发展，都源于中国传统文化，东方传统文化审美本就是最好的拍摄主题。
98,3,乔阿治,4星,云南,水漫金山好好看zeizei！！
99,3,静恩,5星,广东,【观感】8.5。粤曲美、动作美、特效美、场景美、情美。可惜了，没在电影院看。希望能有多一些同类作品。粤剧粤曲再灿烂。
100,3,我是可爱小仓鼠,5星,广西,额…我觉得我的妈妈会很喜欢看，我不喜欢。
101,3,noya,4星,河北,第一次看戏剧与电影的结合太惊喜了！！不管哪个版本我还是觉得许仙很有问题！
102,3,.,4星,重庆,电影和电视剧不一样，电影在大荧幕上，所以十分考验演员，演员所有神情动作都会无限放大，还有电影的特效，都决定了观众能否沉浸到电影当中，这部影片，我觉得很好，给了观众很好的观影体验
103,3,大龙,5星,江苏,#粤剧电影谯国夫人#谯国夫人北京超前观影#电影谯国夫人，电影白蛇传秦拍的很好，有宋代的场景，精巧的道具，水墨般的画面，表现出中华传统戏剧的韵味，背景音乐堪称一流，是一部不错的视听盛宴。
104,3,秀,5星,北京,人若无情不如妖，只要有情妖亦人。
105,3,墨水鱼,5星,浙江,第一次觉得，粤剧也可以这么好看好听，艺术家就是艺术家
106,3,南木砂,5星,四川,很美。
107,3,一只双下巴,4星,浙江,唱的好美
108,3,🌸,5星,上海,人若无情人亦妖
109,3,哟,4星,河北,好看推荐
110,3,Leslie,3星,上海,形式不错，整体还是加了特效的粤剧，称不上好的电影
111,3,快乐小狗找乐子,4星,福建,画面好看的
112,3,財苑,4星,浙江,去年的时候就发现了这个剧，一直屯着没看，这两天看了是真的好看，尤其是发现新龙门客栈这个越剧也准备搬上电影舞台的时候，我真的好奇，当电影与戏曲结合在一起之后，又会是什么样子的美景呢？
113,3,Kiki,4星,浙江,青白蛇这个题材我愿意一直看下去
114,3,纯良窝头,4星,上海,从小就没看过什么戏剧，长大了虽然不至于讨厌，可还是喜欢不起来。
115,3,爆炸小狮,3星,四川,（补）和yjy看的，画面挺美的
116,3,咕噜咕噜顿巴克,4星,湖北,全程我感动的点，居然在鹿仙童救白素贞和法海弟子私自放许仙这两个！
117,4,弥生小姐糯米桑,4星,英国,作为戏曲艺术观赏。30岁以后白蛇传这样的故事看不了一点。
118,4,源来如此,5星,陕西,东方美学
119,4,海盐焦糖icy,5星,河南,可惜没得看大荧幕，投影仪看着还是少了点什么
120,4,momo,4星,广东,水墨一样的场景，很美。
121,4,梁只老虎🐯,4星,广东,真的强烈推荐大家去看，单单从文化角度就值得我们应该去支持一波。但是偏偏这部电影，无论从演技，专业，画面，都非常不错
122,4,莹航,4星,山东,8
123,4,朱诺,3星,浙江,不太喜欢
124,4,人类,4星,广东,可以的
125,4,胤澈,5星,四川,真适合过年过节一群亲戚来串门的时候，就这么往电视剧上一放，哎，这粤剧戏腔既熟悉又热闹就对了，因为都忙着瞎几把吹牛，没人看电视。
126,4,躲起来的云,5星,广东,粤剧电影好听，打戏有力量，水墨景致看起来很舒服，法海的形象也庄严讲道理
127,4,咕咕,4星,重庆,画面超级美
128,4,927,5星,河南,一颦一笑，一举一动，水墨画风，妆造构图，粤剧唱腔无不美轮美奂～小青飞起来太美了～
129,4,Yvonne,4星,广东,画面很美白素贞恋爱脑青妹人间清醒许仙软弱无能还无知白素贞与许仙的结缘起于女版许仙男人果然不靠谱
130,4,你嘴角的小梨涡,4星,福建,这个法海的斗法才是得道高僧的感觉，赵文卓的法海太张狂，赵雅芝版本的法海太猥琐
131,4,海之言,4星,安徽,成功并不能用一个人达到什么地位来衡量，而是依据他在迈向成功的过程中，到底克服了多少困难和障碍。
132,4,醒醒爱看书,4星,广东,好新颖的表现形式。唱的好听，打得好看。小青说的真好：妄你修炼千年，却学会了委屈自己。结尾是有点突然了。
133,4,thankyou,5星,河北,太美了也，属实没想到
134,4,Nurtamë,3星,浙江,24.6.133.5，还可以。背景CG感太重，过于“匠气”，失掉了很多水墨的写意美。电影节奏不太好；如果是原本戏曲体裁造成的问题，似乎需要更大胆的改编。以及某几首曲子的填词风格好奇怪啊！小青可爱得不行。
136,4,小钻风,4星,北京,美！特效好！表演好！
137,4,kylegun,4星,北京,当有人看了《天空上尉与明日世界》和《罪恶之城》后，灵感大发：我们把粤剧也拍成这个样子吧。老把式唱戏加新CG特效，且看青蛇像超人一样飞出破云效果，“（法海）师父，你看那边有人在飞喔！”大概这种感觉。“枉你修仙千年，却只习得委屈自己。”这也是所有传统戏剧如何存活延续所面对的问题吧
138,4,Kwan,4星,广东,3月底看完《雄狮少年》后就在想，继咏春、舞狮后，岭南文化还能有什么可以制作成电影呢？殊不知4月初看到这部电影，没想到是全景声4K模式的粤剧电影。本来打算和家人看，但资源找了好久，电视机也不支持该格式，便一直搁置直到今天机缘巧合换上了新电视机，终于能看了！4K画质超级清晰，音效震耳欲聋，犹如在电影院看一般。整个故事分为5个小节和尾声。布景简约不失精致，西湖、水雾、小桥、荷花、油纸伞，勾勒出一副栩栩如生的宋代水墨画。不论服装还是工艺头饰，从各个细节到整体风格，都在展现中国传统文化之美。大部分文、武戏依然保持粤剧的形式展现，而多机位拍摄使整部戏又跳出粤剧的形式，而“登昆仑山盗仙草”、“闯金山寺救夫”等场面特效大大提升电影质感。尤其是水漫金山，气势磅礴，非常震撼。美中不足是结尾改动较大，望忠于原著。9/10
139,4,胤祥,4星,北京,肯定是日后影史数得上的重要且有趣的作品，首先这部片应该是彻底解决了“戏曲电影是戏曲还是电影”这个问题（对这居然一度是个中国电影史的问题！），据美指老师的映后讲座这部片是有意识地当做“奇幻歌舞片”来拍的，片中也用到歌舞片调度和摄影棚搭建风格；一些动作戏（完全不是按戏曲逻辑拍了）包括特效做得也有趣。另一个重要的点是通过“数字绘景”对电影透视关系的部分改造，不仅用到国画的“高远/平远”概念而且还用到了日本美术的概念如北斋的《神奈川冲浪里》（水漫金山一场）和枯山水庭院等。仅当一个歌舞片来看，唱段确实蛮好听，基本控制在20分钟一折，比较精巧。此外还有个很是女性主义的解读方式，小青骂法海和许仙两个唱段相当之有意思。#可以放进上个十年的中国影视佳作里#
140,5,塔拉胡,4星,广东,粤剧好听，青妹好看，哪里可以看线下～
141,6,古宋松谷,4星,北京,大银幕看真是赏心悦目，戏曲电影能有这样的审美意境，让人看到希望。曾小敏有名角儿的风流，美得含情脉脉，真不输雅芝祖贤。另一面是粤剧的式微，曲调的流行歌曲化，唱词的现代古风化，都很难再有老派粤剧的荣光。
142,6,时光Serene,4星,北京,如20230224电影资料馆映后导演张险峰所说，戏曲是审美节奏。本片的屏风是导演朋友友情提供的。而架空的枯山水庭院风格其实也是特意消弭了时代的痕迹。特别喜欢仙童仙鹤的角色设定和求取仙草的情节设计。仙鹿对自己修行路有清醒思考，和端庄大气的白素贞是一种诉求。茶和水是前世燕侣待佛陀花开你我再相见因缘具足
143,6,萌 . 李,4星,辽宁,被《等你归来》这首歌吸引到看了这部，“湖畔柳岸，风光已既然，烟波回转，奈何天。人间有思念，浮生隔千年，纵有百劫千载也不变，终可遇见。”
144,7,三岛,4星,北京,@CFA小西天来上课，开始拉艺术史了，从中国古代画到西方摄影术再到两者的结合…强调电影画面的中国式，很多极致的俯拍镜头也在回归舞台上的场面调度。
145,8,teacher zhang,4星,上海,耳目一新还是很惊艳，但是许仙这么能劝酒，一套又一套，干脆去当果盘男孩得了
146,8,赫安,4星,安徽,首先这种形式值得认可，整天说传统文化流逝，不变革赶不上时代只能流逝呗，这个电影是个很好的变革，可以让年轻一代看到传统文化，特效不输大片。剧情中规中矩，许仙人设比别的版本好，不过看了那么多遍还是不理解白蛇为什么水漫金山，法海又不会真的伤害许仙？
147,9,寒塘鹤影,5星,广东,这里我看过最好看的粤剧了，虽然不是最好听的。除了部分镜头有明显舞台感之外，基本上已经电影化了，特别是第二折端阳节的镜头过渡惊艳到我了。最不满意第四折水漫金山，打斗特效用力过猛了，破坏了戏曲的写意的美感，而且这一段明显是受到了《青蛇》的影响。尽管并不完美，4星是达得到的，多1星鼓励，毕竟这种类型电影太少了。传统文化与现代表现形式之间并不一定是冲突的对立的，这种尝试应该再多一点，多试错才能找到一个平衡点，传统戏曲也是需要发展的。
148,9,Mademoiselle B,4星,广东,推陈出新的气魄和简约含蓄的气韵。
149,10,Rex,5星,美国,小桥流水、亭台烛火的绝美画面堪称完美，人物造型、服饰美轮美奂、风格多变，粤剧唱腔韵味十足，与古风融为一体，也能为现代观众所接受；白素贞、小青两身素衣水漫金山，作为全片高潮，水墨风与武打的完美融合，酣畅淋漓，美轮美奂；曾小敏老师饰演的白素贞更可谓一绝，一颦一笑尽显白蛇风情。该片成功将戏剧与电影融合，运用忠于故事的剧情和精妙的CG来讲述一个古老且耳熟能详的故事，可谓开创了一种全新的模式，我愿称之为“国粹片”@bilibili
150,10,示且木又,5星,广西,竟然没有宣传！唉，我这么喜欢看电影的人都没有听说！
151,11,基本是我,5星,浙江,这么有改革创新的戏曲片怎么会拿不到金鸡奖呢？
152,11,景外声,5星,四川,戏曲电影落点还是应该在戏曲上，救许仙那场打戏的水袖是真舞得好看，期待新作。但最后还是要吐槽枯山水的布景，很出戏，希望下部戏不要犯这些低级错误。
153,11,雪中来客,4星,浙江,我居然看完了一部戏曲电影。不得不说，美术真的是太好了，审美相当好，浓浓国风，很独特的水墨国风特效，特效水准很不错。曾小敏老师唱得真好，基本不听戏的，都要被她唱哭了，实打实甩水袖打架那段，秒杀一堆特效打戏摆pose的流量演员。本子上，老戏新演，许仙人设不差，白素贞敢爱敢恨，小青依然观众嘴替，法海也不算那么盲目。戏曲电影一次不错的探索，艺术品。
154,11,南都小王子,5星,浙江,第一次看粤剧，本来以为会很难接受，但竟然意外地好看，首先是粤剧的唱腔咬字比较接近日常对话，对于年轻人比较好接受，而且，可以看出，这部剧花了很大心思在服化道及场景布置上，美轮美奂，而且特效给得恰到好处，斗法一场还是比较震撼的，为传统戏剧与现代技术的完美融合点赞，希望能有更多这样的好剧出现，使中国传统曲艺焕发新生！
155,12,剑气凌厉的江南,4星,上海,电影院看的，还有点惊喜，特效画面什么的都往浪漫系使劲儿，虽说是粤剧，念白其实都听得懂，许仙也没有改得很冷漠，永镇雷峰塔也保留了，小青的台词也很有气场，挺好
156,12,马苏皮拉密,4星,四川,粤剧电影牺牲了一些戏味拉近了普通观众特效不错场景很美
157,12,血浆爱好者,4星,浙江,〈补标〉
158,12,丑嘴唇,5星,广西,毛立平老师说过一个代表当时当地统治阶级价值观的县志里记录的一则传说，说一个读书人在夜宿破庙时遇到一只老虎，这个老虎变成一位女子与他成亲，生子后两人故地重游，女子进了庙后变回老虎吃掉儿子后离去，空留这个读书人疯癫度过余生。这则传说意在告诫当时的人们婚姻必须明媒正娶，自己野合不得善果。虽然宣传力度很是用力了，但是相比之下，《白蛇传》这样讲述人蛇相恋歌颂爱情的故事显然流传更广更受百姓欢迎。虽然《白蛇传》中有着这样那样在不同时代中会有的争议，但在争论其中所谓的是非对错时别忘了，这样的传说的产生和流传本身就是对那个封建社会的僵化腐朽所作的反抗吧。
159,12,奇爱博士,5星,北京,好看到令人流泪，前前后后刷了十几遍。虽然从事电影专业工作这么多年，但真正能打动我的就是这种通俗纯粹的电影。CFA李金辉映后交流2023.6.24
160,13,比多,4星,北京,不错。戏曲和电影手段结合得很好。那些身段都很有魅力。
161,13,江枫渔火·,4星,北京,第一次在大银幕看戏曲电影，喜欢。诗意的场景设计，充满写意美学。文戏武戏都很不错，水漫金山那段特效绝了！只不过结尾有些过于仓促了。中国电影资料馆6.24
162,13,电子荒野,4星,浙江,有老粤语残片的精髓。
163,14,奥兰少,5星,北京,@小西天映后交流场。完全没有看戏曲的素养，也从来无感中国民间传说这类体裁。一年多前上院线，直到电影下映，才注意到影片的口碑。想大银幕看一直留到今天总算如愿。五折戏化入100分钟的容量，删去不少因果，于是开篇游湖和结尾雷峰塔都不免草草，白素贞的痴心也因少了日常相处的铺垫而说服力不足（甚至显得许仙挨那一巴掌都有些冤枉了，他只是迷糊了一下的凡人）不过这倒正应了“情不知起所起，一往而深”：白蛇传与牡丹亭，本来就是同一个故事。水漫金山一折真好，据说是对原戏改动最大的一段，甚至引入了西洋乐器。但两个身单力薄的女子奋不顾身，将自己对人间全部的悲愤与倔强具象为扑天而来的怒涛恨海，童年滤镜和左宏元加成的新白娘子传奇之后，白蛇传的故事第一次真正打动了我。
164,14,Quasar，,5星,山东,人到了一定年纪是会解锁新爱好的哈。真是美出新高度，传统文化真得顶。几位老师太牛了！
165,14,zosntn,4星,山东,粤剧腔调加古风特效，真的雅到极致了。希望国粹们能不断创新、与时俱进，而不是自视甚高、故步自封。当然，有些特效有点用力过猛，比如白许相识那段，搞得像是二十年前flash。总之，这样改编下去是很棒的！
166,15,格林童话,5星,新疆,大白真直接，小青真有灵气，这个服化道，这个画面特效，绝了～虽然最底层的逻辑是骗婚，但是那个年代这个故事核心是为了爱情反对封建礼教，也是可以理解人物动机的，水袖打斗太精彩了，法海是最讲道理的法海，佛法的威严太足了，年度十佳～
167,15,蔓越橘,5星,广东,许仙:人若无情不如妖，只要有情妖即人。自此心如磐石，一如最初。
168,16,红辣椒,5星,湖南,好好看，好感动
169,16,咕申克,4星,北京,戏曲电影，视效新尝试，值得一推。（内行看门道，美术指导李金辉老师真的是把创作和学术联系得很好）
170,16,天蓝蓝,4星,广东,很多影子飘过，比如日式庭院与和室，牡丹亭的花神游行，youshallnotpass....但还是有很精彩的部分，比如水墨山水、水袖打斗、经费在燃烧的水漫金山。这么一说，列出来的都是水，阴盛阳衰，考虑到是大女主电影倒也正常。
171,17,LeeLee,5星,广东,个人觉得有8.5到9分给满分是因为给了我惊喜除却文化传承这一说几幕下来景和意境真心美到别致开头的唱曲就非常引人入胜虽然觉得女主的声音过于尖了一点但搭上音乐效果挺好的里面的唱腔念词让我想起小时看的老港台片原来大家也不是都是现在这种中英夹杂的白话剧情上当然弱了点点不过折的拆分淡化了这种不连贯还有一点让我非常惊喜的就是打戏好久没看到这种实在的打戏了尤其是昆仑山上的那一段后面寺里舞秀的刷剑差一些不过舞袖太美了让我想起十面埋伏章子怡的那段敲鼓太美了！要说有什么不足的一是许仙一对比还是弱了些二就是锁进塔的情节有点太快了，没太铺垫好但是不妨碍它的惊艳！超级推荐！
172,18,南之禾,4星,广东,这特效放哪都不好使，唯独放在这里活像画中仙。诸如梁祝、白蛇传等故事我这辈子都不会听腻。
173,18,摇个不加粗,5星,浙江,戏曲改编的太美了，本就优秀的唱段，再加上这么好看的CG特效，锦上添花，经典曲艺焕发第二春，还想看到更多！
174,19,🍏,5星,黑龙江,看过
175,19,七彩云男,4星,云南,美轮美奂。。。
176,19,愤怒的瑞瑞酱,4星,北京,这种融合可以称之为创新，是真正建立在国粹之上的传承与开拓，不容易的！
177,1,十一伏特,2星,北京,伪装成粤剧戏曲片的三流网大电影。灾难级别的剪辑分镜，一句念白都能切换三四次机位，角色唱词时从背后或侧面拍，完全损失掉戏曲表演的功力表现。念白唱词总是和口型对不上，后期声音同步剪辑技术不达标，频繁切镜头恐怕也是为了藏拙。人物塑造趋近于零，白素贞只剩下恋爱脑，只为许仙而活，对于人间的扶危助困情节完全忽略。小青只是打手，法海只是捉妖。却偏偏花大篇幅留给打戏，夺灵芝、水漫金山都堆砌特效，已经脱离出戏曲表现的范畴。无法理解这种取舍，既没能很好表现戏曲，又没讲好基本叙事，追求特效能力又达不到。
178,1,田村卡夫卡,2星,河北,我觉得很没必要，不是画面好看，照搬就是好的艺术了。电影和戏剧是两个语言系统，如果想转变，那就应该确认一个语言来说，现在给我的感觉就像是一个外国人在用英文读古诗，不可能给人很好的观感。这是偷懒，不是这个常识不可能，是导演在偷懒
179,1,歹囡仔,2星,福建,从电影角度来看，拖沓矫情，全片就只是单纯的炫技展现视效，有点喧宾夺主了。
180,1,喜欢大雷的哥哥,1星,四川,国粹
181,2,昶秦颂,2星,北京,看不太进去，比较喜欢第四折的戏份和小青的角色。（小青的妆造也好合适）完全没办法把白蛇传当爱情故事。
182,2,真绪,2星,上海,一个Twins遇上Trump的故事。“爱情大过天。”“没有人比我更懂宇宙，而且我会建墙。”
183,2,鹿鞭野餐,2星,江苏,好听不好看
184,2,InvisibleHin,1星,广东,作为一个广州人，我最讨厌的就是粤剧。
185,3,逆旅夜行,2星,北京,可能从戏曲角度很厉害吧。但作为电影，真正看不下去，逼着自己看也看不下去，也抓不到到底戏曲美感和唱腔美感从何而来。
186,3,遗忘的森林,2星,陕西,补标，个人观影记录1000部标记
187,4,清风藤╰つ°,1星,湖北,戏曲电影终于脱离舞台的束缚，通过CG技术走向更自由的状态。
188,4,雪舞战龙,1星,北京,1分。实在看不下去。
189,4,拉达达达姆,2星,湖北,新瓶装旧酒
190,4,海边的查理,2星,山东,感受到经费在燃烧，感受不到作为一个电影的质感。
191,4,米高大伟,2星,北京,粤剧musical，了解一下。
192,4,不说再见,2星,浙江,好无聊的动画片
193,4,蝴蝶飞噜,2星,上海,白蛇传越看越有种小美人鱼的感觉，恋爱脑花痴的悲剧。对着荷花池，说春色潋滟？西湖边怎么会有阳朔桂林的高山？怀了身孕还再三劝酒是什么毛病？端午节许仙被蛇吓死？场景特效好似十几年前的虚拟壁纸。白蛇红唇艳抹实不相符，但不得不说严肃和惶恐的神情很美，小青俏皮可人但戏份太少，许仙长得像人形狐妖，法海肥头大耳不像吃素的。剧情缺少细节和说服力，全靠观众对故事的熟知而自行脑补。这拍摄和表演，我相信即便是中老年人也要看了掉一地鸡皮疙瘩吧！
194,5,June,1星,广东,魔幻
195,5,KINGKO,1星,广东,粤剧电影
196,5,李叔恒,1星,北京,CFAAS张险峰李金辉
197,5,长岛热茶,2星,北京,好难评，好难平，想洗眼睛，我真的是在看大银幕吗？不是打开了戏曲频道吗？
198,5,CommunistOrcas,2星,湖北,5分。4K+ATMOS版本特效其实一般，但美术真的不错，音乐在杜比全景声的加持之下也好听很多。但是，但是，作为电影来说，一定是不及格的，网大的水平能吹成这样也真是服气。影片一开始拍人几乎没有小景别，戏曲的演法搬到大银幕上尴尬无比。观感最好的打斗场面几乎没有对白，拍法也是最接近电影语言，如此看来，就能发现这个“戏曲电影”的位置有多么的尴尬了。真的求求戏曲和电影不要相互侮辱了，不是说两者孰高孰低，只是语言不通的东西做这种程度的结合，只能是供给老领导们的报告活动。拿这来唬观众，只能说大家觉得新鲜或者不懂行，不信你再多拍几部就知道了哈。
199,6,朝菌,2星,辽宁,还是有地域差异
200,6,二头肌,2星,北京,2023.2.24电影资料馆一号厅。
201,6,海边看仙人掌,1星,山西,我很庸俗，戏曲一点吸引不到我，甚至觉得反感。
202,7,momo,1星,山东,垃圾
203,7,切达芝士,2星,上海,孙悟空和白素贞可以对照着看。都是妖怪，男的断情绝爱以后修成正果，女的法力无边以后搞真爱至上。画面美到可以办主题乐园了，迪士尼不拍个公主可惜了。
204,7,小小玉,2星,陕西,我不管它是什么首部粤剧戏曲电影，既然是电影我就用电影的标准评价。剧情就是人尽皆知的白蛇许仙的故事，男女主舞台功底先放一边，电影演员和戏曲演员就不是一回事，这俩一看就不是拍电影的，看起来特别不舒服，台词也是戏腔，合在一起不伦不类。看戏人也难受，观影人也难受，何必呢？这个【电影】没有一点点像电影的地方，一星给创新创意，一星给中国风美术画面，美是真的美，内容我是真不行。就这样吧，之前期待了很久，终究是失望了。
205,7,付泉智,2星,美国,服化道再好也撑不起磨耳朵的唱腔
206,8,已殊,2星,浙江,看什么？看4K吗？？
207,8,∞,2星,瑞士,首先夸一夸CG效果和场景布置，但除此之外也没别的可夸了。目前为止我看过的所有戏曲电影，都有同一个通病，即不加取舍地照搬戏曲舞台表现（包括但不限于动作、台步、剧情），整一个多机位拍摄运镜的舞台录像；本片略好之处在于稍弱化了舞台感，但若想作为一部院线电影上映却还远远不够。最值得诟病的恐怕还是剧情，《白蛇传》的故事已有太多版本从太多角度进行过阐释，其中既有《白娘子传奇》这种民间故事、合家欢化的，亦不乏《青蛇》这种彻底颠覆性的，除却男女情爱外都对人性有更深层刻画，可本片只是机械模式化地重述了剧情，不带一点哲学思索和社会性反思，无缘由的与许仙相爱、与法海抗争，男女主口口声声的情啊爱的也很难使人共情，甚至使人生出“都这年头了还能为了男人要死要活？”的荒谬错位感。Ps.我现在看到男人谈女权就想笑。
208,8,浦东约德尔人,2星,上海,戏曲是戏曲，电影是电影。
209,8,彼得唯,1星,甘肃,不喜欢。古人真好骗
210,8,casa,2星,四川,好吧，戏曲和电影有天然的冲突
211,9,April,2星,北京,我永远在乎叙事
212,9,Dr0po7z_💫,2星,浙江,看得我昏昏欲睡，男主为啥一直鬼迷日眼的
213,9,micsal,2星,广东,哈哈哈，曲子好听，可惜了用在这老一套的故事上。b站也被女拳攻破了，弹幕严重影响观看
214,9,hench,2星,湖北,完全不知道编剧怎么想的小青小白的感情好怪再加上还有个不知道在哪儿的许宣遗留影响怪上加怪
215,10,Mailg,1星,上海,有些电影我真的不想评分，这部就是这种试图打造一个美字，而剧情立意全都没有新意的电影。我以为翻来覆去拍同一个故事，在新的时代里应该有新的解读吧，结果，这是个什么啊？古代书生意淫的故事就是狐狸精修炼几千年就修炼成恋爱脑了，也不想改变这世界，也不想去报复人类，对皇权统治权也没有兴趣，都长生不老了，天天就搁那对着一个人爱情爱情爱情的，故事还能有点新意吗？怎么到了21世纪还继承那套书生意淫的内核，没有一点改变？再者，白蛇与青蛇是最初的我们对于女性亲密但不是爱情关系的想象，结果小青成了白蛇爱情的助攻，白蛇为了个男人修炼千年的道行也不要了，自己和最亲的妹妹也困在这是非多的凡俗人间，精不成精，仙不成仙，图啥呢？图爱情对吧？我觉得对女性的狭隘想象莫过于此，真是太可悲了。
216,11,异食_East,2星,浙江,一星，粤剧加一星。戏曲的落伍与载体毫无关系，故事内核不改，谁来都一样。在人想做妖、自由自在的当下，仍在歌颂非人的妖甘愿遵人道的故事，实在影响观感。即便因为它是“戏曲”而原谅其观念的落后，“人成妖”与“妖成人”中间也差了一截新文化时就在歌颂的罗朱式的反叛：它实在太落伍了。白素贞此类“贞”的女性形象，与懦弱的男性书生，在女性尚未作为个体存在的旧社会，也就是在男人们的眼中，尚且成立，如今仍以原形象出现，不伦不类，能入得了谁的眼？粤剧此种为舞台与想象服务的体裁，即便是电影，也该追求背景的“不真”，而非这样影楼风的想真真不得，我每次出戏，都是因为想把背景拍成真的，而不是因为背景被拍得像假的画。至于被人赞美的水漫金山，与粤剧毫无关系不说，特效和僵硬的一来一回放在哪部中国电影里都会被淹没，真是莫名其妙。
217,11,1366,1星,广西,2.0表情极其做作，白素贞许仙都极丑
218,11,Mazurken,2星,上海,非常失望。此片人人皆开口谈“情”，但具体表现却飘渺架空至无法撑起这个“情”，特别是一开口就上价值不能忍。另许仙第一次见面就又是断桥又是竹林的，胆大堪比张三郎。
219,12,heaven导导,1星,陕西,你们真觉得好看吗，看了N次的故事加上唱戏我看着看着睡着啦
220,12,云胡不喜,1星,河南,不知道置景师在干什么随处可见的倭风置景，日本人看了都直呼牛啊，真的是脸都不要了，你是戏曲啊，这么倭，我只能说中华文化已死！！！！！
222,12,Sile,2星,天津,演员很漂亮很专业，导演和特效毫无审美做的和史一样，要不你们这群人重开吧，别做了一群猪
223,12,抗污染气垫122,2星,日本,两星都给戏曲…至于电影角度无从评起…
224,12,你给我少来,2星,江西,良心不能再多了
225,12,别看帕索里尼了,2星,浙江,太难看了，剧情还是建模
226,12,吾遛无酒腰舞,2星,浙江,只一味特效，舞美，戏曲特有的韵味都丢光了。
227,13,_mialiuuuuuu,2星,英国,画面美丽但看不下去
228,13,誰來馴服言物,2星,广东,……不敢恭维
229,13,万壑听松,1星,北京,五粮液广告超级加倍版
230,14,水千户,2星,山东,唔。。。也许粤剧编排老师们该考虑下受众被短视频荼毒过的注意力水平。
231,15,速度外正,1星,浙江,🤢
232,15,遇见,1星,云南,不好看，听不懂
233,15,dbdu,1星,广东,没看完
234,15,hackernelor,1星,北京,戏曲欣赏不了
235,16,超级悦悦,2星,河北,听的我头疼
236,16,夏沫,2星,湖南,首部4K全景声粤剧电影，取材自民间故事《白蛇传》，那白蛇的故事，远久流传...白素贞修炼千年，只为人间寻那许仙，再续兰因前缘。说什么人妖殊途，法理难容此爱恋。
237,17,豆友mFEKIlqA8o,2星,河北,因为喜欢你，所以喜欢你所有的任性和小脾气
238,17,重新开始,2星,江苏,给这么低的评分绝不是品质问题，制作的非常好，戏曲做成电影也是创新和推广，只是，如果抱着这种态度，中国戏曲和电影迟早完蛋！为什么呢？白蛇传的剧本故事拍了多少电视剧和电影了？去年我光看动画电影就有两部白蛇传题材，这种剧本真的是拍烂了，难道中国真的没有编剧？西游记和白蛇反复的拍，创新一个新角色为何这么难，这么多人给高分不过是戏曲形式的创新，换汤不换药罢了，还不如百老汇舞台剧汉密尔顿
239,17,Atopos,2星,四川,一般般
240,17,奕万星辰,2星,广西,好看
241,18,双分君,2星,江西,还是接受不了纯戏曲的内容🥺
242,18,旧欢如梦,1星,四川,什么鬼?
243,18,逮马仕革,2星,安徽,没说的那么好，略显生硬，剧情和动画都
244,19,晴,2星,湖南,一分给演员，一分给服装造型，不能再多了
245,19,Bob doc,2星,江苏,一般，还是电视剧的白蛇好看
266,16,请尊敬王道长,未知,北京,被戏曲片的特效惊艳到
