Column1,Column2,Column3,Column4,情感得分,情感倾向
昵称,性别,地区,评论,0.3913043478260875,消极
七彩炫光皮披虾,男,广西,[辣眼睛],0.5753352742123786,积极
zerve,保密,贵州,当时就想去看来着，没排片！,0.33463815024645904,消极
是李多鱼啊,保密,四川,李少红当初想把红楼梦拍成这样吧,0.8484566042487515,积极
夕月与舞,保密,江苏,投屏播放一顿一顿的,0.6193009245410125,积极
納蘭文鸢,保密,广东,刻骨铭心啊，拍的真好，好看，看哭了,0.9933676307215621,积极
曲水流沙,女,湖南,"不知道是不是受现在仙偶剧影响，我居然觉得法海没啥错，这版法海是我看过的最温和、最有宗师气派的一版法海了，前面对白素贞一直没下狠手，都是劝她离开去修道，最后白素贞和小青水漫金山才开大。白素贞用现在眼光看是有点恋爱脑的，为了救许仙又不管不顾水漫金山，害了钱塘百姓。所以最后她被压在雷峰塔下面也算是自作自受。过去我代入的是白素贞，会同情白素贞，但是水漫金山那里我一直在想钱塘老百姓怎么办？在回想赵雅芝那版的法海都没那么气愤了，真是时移世易，人的观念也会改变。当爱情不是唯一，大家对婚姻没那么期待后，很多东西看法也会改变，弹幕里看到有人说许仙吓死那里白素贞就该放手了。她继续修道，许仙进入下一世轮回，两人的羁绊就解开了。佛家也说希望人不要执着。
不过白蛇传也不能单单认为它是讲白素贞恋爱的故事，如果只从爱情角度看，什么梁祝、孔雀东南飞等老故事都要被批判了。实际王宝钏已经被审判了。在过去封建制度下，人们的婚姻不自主，白蛇这类传说最终固定的版本形式和初版已经不一样了，是人民自己不断优化的结果，也是代表了人民心声的选择。表现爱情婚姻自由的戏码是最能代表过去反封建的，也是老百姓喜闻乐见的。不论什么题材受欢迎的戏码都是能够引发情感共鸣的。这也是传统戏剧要思考的出路。",1.0,积极
小毛睿战士00,保密,广西,前两周刚刚到电影院看了《谯国夫人》，整场下来人数凑不齐两桌麻将,0.14551272441019336,消极
徒青空邑,保密,上海,红星姐姐我好爱,0.962260579672859,积极
fallinaangry,男,广东,支持,0.626712328767123,积极
gsggdgdgd,保密,四川,看不懂,0.42581389983146645,消极
长在树上的熊猫果,保密,广东,看完谯国夫人回来再看白蛇啦，谯国夫人也好看！,0.9410497071056598,积极
巨大蟹黄包chadwick,女,广东,大家快去支持谯国夫人[奋斗][奋斗],0.9961282868506239,积极
CN171-11救援隊,女,广东,看完谯国夫人再来看一遍白蛇，跟白蛇没得比呀感觉制作好粗糙,0.9766453219184869,积极
波本的吧,保密,广东,"谯国夫人看前一小时再看一波
从金三角回来就为了看这一部电影了，但愿太子炳唔好令我失望",0.47582580891638304,消极
乱入の奈须,女,广东,电影谯国夫人看完啦！大家多多支持呀！舞台版的谯国夫人也很好看！！,0.9432026522753377,积极
迷途狂奔,保密,广东,粤剧电影创新三部曲第二部《谯国夫人》已经上映了！欢迎大家到影院支持[打call]【【粤剧电影谯国夫人】超强阵容，影院见-哔哩哔哩】 https://b23.tv/MW3Uuik,0.998582585311353,积极
追忆羽,男,上海,放在现在2024年上映，绝对会票房大卖。,0.7790038605844987,积极
从此AFK,女,江苏,谯国夫人看过了，再回来看看白蛇,0.8240911961946229,积极
コノハナノサクヤヒメ,保密,广东,有谁是看完谯国夫人不过瘾过来重温的[笑哭]（谯国夫人也十分好看！欢迎多去影院支持～～～,0.999104945952847,积极
草莓里的霉,保密,广东,宝子们七月五号，《谯国夫人》就正式和大家见面啦，希望大家多多支持，包好看的[脱单doge],0.9942136857749027,积极
新世紀纯恨戰士,女,湖南,许仙也没错什么 他去找法海的时候也只是疑虑和动摇 然后就被钳走了 换作是我发现老公是千年蟑螂精 我就去淘宝买拜尔了,0.8125620894371173,积极
风纨_Funwan,保密,四川,画面也太美了……,0.8494079834596706,积极
仙灵岛上住着逍遥哥哥,女,广西,真的好好看啊！,0.8567169469372556,积极
黎阳王,保密,安徽,法海为什么穿厚底鞋？感觉很不像出家人,0.546595870095623,积极
顾璇玑sama,保密,未知,谯国夫人就要上啦~再转一次，你怎么知道我在电影院看的《#白蛇传·情#》[脱单doge],0.265890835485744,消极
Laylakkkk杏,保密,广东,听见粤剧眼泪都要掉下来,0.6366629481849732,积极
氛围紧张,男,安徽,看了好几遍，真的好看,0.8744159734132095,积极
-拂苍云-,保密,北京,国内仙侠和戏曲电影未来的发展方向就应该是这样的！！我们年轻人爱看啊！！我真的是遗憾，明明白娘子许仙这个故事是杭州的，应该做成类似这样的越剧电影，结果偏偏被广东的粤剧抢先了！不过说实话，《白蛇传·情》给戏曲电影特效化大片化开展了一条全新的道路啊！！,0.9999999855411263,积极
传说中的静,保密,广东,听不懂粤语，但是好美啊！质感很好，我个人比较喜欢古装剧的，看这戏剧电影妆造画面都好美啊，仙气飘飘的美，国风真的yyds，小时候看得最多的戏剧电影就是黄梅戏，除此之外就没有了。,0.9999999999376654,积极
asraam,男,湖北,为了卫道，所谓救一人搭上一城人，充分说明在道面前，人什么的都是堙尘，只要道在，权威可保万万年,0.9665618970049098,积极
帆帆是甜甜的,保密,广西,牛哇,0.625,积极
猛踹瘸孒那条好腿,男,江苏,别的不说，就冲这总策划，就值得看,0.7218355748966957,积极
浪笑呵呵,男,广西,细节太到位了，特别是动作和微表情y~y~d~s!!!,0.9575463329145077,积极
秋泣寒鸣,保密,辽宁,"许仙有啥错，谈恋爱的时候你也没说自己是蛇妖啊，许仙一个手无缚鸡之力的书生，突然发现自家娘子是一条大蛇，不怕就有鬼了……被吓到一命呜呼啊。
就这许仙还说『妖有情』那套，不错啦，还想要什么。",0.9999999456502205,积极
走A不走心,保密,广东,好睇,0.6317853705682674,积极
安然无恙GM,保密,北京,美！,0.8579088471849866,积极
迪拜-酋长,男,吉林,看白蛇3不如看这个,0.9124133238658223,积极
迷途狂奔,保密,广东,又到端午，来应应节[脱单doge]常看常新[给心心],0.9218736656132123,积极
八级熬夜选手,保密,广东,看完了，没有去电影院支持很可惜，服化道，剧情，演技，唱功都很厉害[喜欢]等待新作,0.9995036157303635,积极
小瑞9892,保密,湖北,水墨山水好有感觉,0.9489022475581671,积极
缘青青青,男,甘肃,这是我第一次尝试戏剧电影，我终于明白古人为什么爱看戏了,0.9962145184794415,积极
SFAN思凡,女,北京,绝,0.6142857142857142,积极
煎饼博士,男,北京,看到中华文化才知世界都是野蛮文化,0.9567677280566435,积极
煎饼博士,男,北京,流泪,0.8,积极
天峨红古树茶官方小号,男,广西,当时就是在电影院看的。非常值得。[脱单doge][脱单doge][脱单doge],0.38565078706506895,消极
惜墨沐宇,男,浙江,泪点比较低，看了 一小段就哭了,0.9742730416250077,积极
卡BU卡BU唧唧,保密,广东,拍得很好演得很好。棒棒哒。  白素贞修行千年，执迷不悟，简直枉费光阴！  须知宇宙之间，有得必有失，许仙一介凡人，百年之后，你们的情又如何延续？ 莫非要踏破地府，强留人间？  千年修行都无法领悟这个道理，可悲可恨…,0.9999999979799616,积极
森雨茂,保密,江苏,24年了，看的真是酣畅淋漓，虽然听不懂粤语不影响听着舒服，头一次看戏剧看完一部的，没有在影院看一大遗憾。,0.996212424015026,积极
店小二yes,女,海南,好特别的一部电影，看的身心舒畅，之前都没刷到过相关的内容但是一点开就被硬控住了，只想继续听下去看下去，不舍得离开,0.9823243600335062,积极
孤与它对刀枪,男,江苏,第几遍了呢...,0.6419244858263048,积极
通辽枢密院枢密使,女,浙江,在线下电影院看过，很惊艳，她一唱我的鸡皮疙瘩就起来了,0.6421138397699945,积极
我素酱油,女,广东,好看，马上买票去看粤剧现场,0.16104773167222897,消极
咔滋拉哒,男,四川,不错不错,0.9719626363008976,积极
珍珠奶茶玩偶,男,四川,有意思,0.8369565217391306,积极
星沙幻梦,男,河北,没想到拍的这么好，太精彩了,0.4912758674327411,消极
大道克己丶,男,广东,太好看了,0.5375152786177115,积极
一溪流,保密,江苏,好片子··,0.8094525760130782,积极
sxhell,保密,上海,精彩，这是好东西,0.7996307397730226,积极
红尘參梦,男,上海,说法海管的宽的，你别代入许仙视角，你应该代入水漫金山被淹死的那些人的视角,0.9481095088232039,积极
糖醋烤鸭,保密,湖北,万人血书出梁祝，绝对爆[打call][打call][打call],0.8343203566957688,积极
LLXLXYY,保密,内蒙古,画面太美了,0.7802842064208241,积极
周兴远,男,湖北,顶级的,0.9411764705882353,积极
找虐的就是我,女,湖北,看了剧场版的白蛇传·情啦，曾老师牛，小青也非常好，其他演出人员也都演得非常棒。打戏真的牛，票价还便宜，真是物超所值！,0.9999995259624612,积极
reclife,保密,上海,可惜当年不知道有这个，没有去影院观影，可惜可惜,0.9652660825730113,积极
s蘑菇炒肉,保密,黑龙江,这才是中国的东西，现在的一些古偶啊，仙侠啊拍的是哪国文化我也不知道，我也没见过。,0.7928875949732233,积极
涼宫はるひ,女,广东,说真的无论哪个版本我都觉得法海做的没有错，这两条蛇带灵入世就错了，后面不用说，你想想许仙被她吓死她就打上仙山，那如果许仙老死呢？是不是要打天庭？打不过就要撒泼灭人世？这个趋向从水漫金山就能看得出来，有的鸟兽鱼虫之为鸟兽鱼虫，是因为他们活该天生成为鸟兽鱼虫，我要是法海我直接给他灭了,0.9671627492963646,积极
Auselrys,男,浙江,我的眼泪不值钱呜呜呜,0.5872510874287602,积极
九十酒o_0,女,江苏,连续看了3天，还是意犹未尽，回味无穷！简直视听盛宴！影视剧评分给过最高分9.5！这个封神了！10分了得！,0.1211972269869952,消极
GaloThymos加急补充中,保密,广东,我看看我看看[Cat_dash],0.5,中性
Aphiowood,保密,四川,我外公从来爱看戏，这电影他一定喜欢。,0.9934356514929551,积极
许仙大战许褚,保密,江苏,白娘子最让我佩服的就是本领好强又很有自控力，一直用防守代替攻击，避免杀生[抱拳][抱拳][抱拳],0.6969766389994299,积极
jgdpzxp,保密,江苏,个人一直有个不成熟的观点，不论小说，戏曲，评书，皮影等等等等传统艺术，本质上都是说故事的不同形式，在历史长河中融入了不同地区不同民俗的风格，从而形成的不同的表现形式。而一直以来都说戏曲是国粹，要传承，可是随着时代的发展，现在欣赏戏曲的人是越来越少，私以为应该还是在某些方式上守旧了。而从当初看到预告片就觉得这才是戏曲的正确传承方式，正片不负所望，实在太棒了，几位老师的戏曲功底极其深厚，一个动作一个眼神透露的那股味，两个字专业。非常感谢创作这部艺术品的各位艺术家，无限期待下一部作品。[支持][支持][支持],1.0,积极
薛大小姐的珊瑚宝,女,江苏,剧场版的巡演又开始喽，感兴趣的朋友可以去剧院里看看呀，现场也很精彩！4.14澳门，4.19浙江温州，4.23湖北武汉，4.27安徽合肥[奥比岛_击爪],0.955427533614454,积极
是大虾ya,男,广东,呢部电影咧，系我自己去电影院睇嘅当时系知道系粤剧嘅情况。有几个外地又唔知道直接买影票嚟睇然之后话点解系粤剧嘅，唱啲咩嚟噶。,0.3759566958284045,消极
黛玉哥,保密,西藏,作为一个北方人，我一开始是冲着这部电影的精良制作去的，看到最后却是被中国戏剧的美所感染的。,0.9999664477275649,积极
暮梓食夜,保密,广东,"别的版本的故事各有评说，但这里是各方都无大错，仅因立场、角度不同而有了敌对。这里面都是人无错，但法、理难容。
白蛇青蛇既一开始未与许仙言明自己身份，那当秘密被突然撞破，且是以法海极为强势的插手干涉的方式撞破，那许仙的恐惧、软弱其实是理所当然的。你不能将秘密一直隐瞒，被揭穿时又指望别人能立刻接受。
法海受于佛命，本质上他非小青小白的敌人，他渡化许仙阻拦白蛇，在小青看来蛮横至极，但在法海自己看来至少未有波及他人，而小青三言两语不合就是水漫金山威胁，确实也不是好人。
这里其实又反映出了一个问题：人、妖的价值观就是不同甚至冲突的，而这样的冲突可能因各种原因酿成大祸。",1.0,积极
该头大爷,保密,广东,今年新年期间，这部戏曲第一次下乡演绎，真的太受震撼了，我和爸妈一起去看的，前面坐的也坐满了，站也站满了爸妈在前面找到了位置，我就在后面站着看完了整场，真的这就是国粹带给我们的感受，每一帧都是艺术美学，看到最后泪水早就塞满我眼球了，第一次看到这么新疑的粤剧[大哭][大哭][大哭][大哭],0.9999939343592236,积极
墨谙ang,保密,云南,真的好美啊！！！！画面音乐人都好美啊！极致的享受啊[桃源_给花花][桃源_给花花][桃源_给花花],0.9999978519787686,积极
咸鱼末日之时,保密,四川,我记得白娘子传奇，老电视剧那一版，许仙进门掀开帘子就是一个巨大的蛇头冲出来，小时候是真的被吓到，而且老电视剧特效不像现在这样，效果更恐怖了[tv_皱眉],0.9842776405390362,积极
janmars123,保密,北京,且不说绝美的身姿腔调和服化道，单是叙事节奏的把控、对人物性格的生动塑造，就可以一骑绝尘，吊打大多数电影了。,0.6761689766367182,积极
恶龙咆哮嗷不出来,保密,河北,美丽动情，好喜欢,0.9377453997571981,积极
安徽蚌埠陈幸伟,男,江苏,弘扬优秀传统文化，传递真善美，已投币支持,0.999789710081748,积极
喔是卖报滴小行家,保密,广东,太美了，不知道还有剧场版的没，一定要去看看现场的,0.266203474535299,消极
大嬛今天自恋了吗,女,内蒙古,"就说为啥不让他俩在一起。
白素贞用法术帮许仙开店，钱又不能凭空变出来，肯定是从别人家偷的呗。看过西游记都知道，变化术是不能凭空变东西的，只能把一个东西变个样貌，本质还是那个东西，法术失效就恢复原形了。像你本来没有的东西，你只能用搬运法搬过来。白素贞也不懂铸钱之法，那肯定就是从别人家偷的。
一个妖怪为了自己的凡人丈夫，偷取别人的钱财供丈夫所用，犯法也不用付出代价，反正她会法术官府查不到。
白作为一个妖怪在人间，逃脱法律之外，这就已经是不对的了",0.9738972426988004,积极
地煞七十二变,保密,江苏,什么时候复映啊??,0.9064698306353184,积极
监督我学习嗯,保密,四川,好看,0.7112462006079026,积极
我的乐事,保密,广东,有没有大神知道哪里可以找到中英字幕版的呀TT,0.574601291151946,积极
亿堆沙雕,保密,内蒙古,真好看呀,0.7147582337589132,积极
柠檬又抽了,女,浙江,真不明白许仙软弱又无能，白素贞到底看上他什么了[难过],0.9747031088422415,积极
道心破碎的打工人,保密,广东,可恶，居然免费了？当初刚上线的时候还花了6块还是多少[doge],0.005256367377912019,消极
香菇牛肉汤婆婆,女,江苏,2020电影院里面看了两遍，又自己去看了一遍，手机又开了VIP看他,0.49971457113644446,消极
青灯夜行,保密,广东,艺术品啊真的是艺术品,0.969551764387454,积极
摄鹿,保密,云南,顶中顶的剧，非常喜欢,0.9912828491528993,积极
紅爐点雪,保密,河南,拈花向君  如是一梦,0.9263674368200551,积极
账号已注销,保密,未知,我一直都想成为许仙的，你知道的，蛇在春天的时候，是二十多个小时的,0.9875503395748254,积极
捷诺Xeno,保密,北京,戏曲艺术家的文戏和武戏功底碾压影视演员，一个眼神的信息量堪比半页剧本。吊个威亚就是仙侠风骨，抽出长剑就是行云流水的武侠桥段。这一版法海的塑造非常大气，金刚怒目，移山分海，但心怀慈悲，一直从维护天道人间秩序的角度劝白素贞放下执念专心修行，这才是得道高僧应有的气度。金山寺众罗汉的亮相压迫感拉满，但招招留有余地，只是驱赶不欲伤人。小青的人设也非常丰满，清醒干脆又不失人情味。金山寺中法海苦劝白素贞，当时小青一个看向白素贞的眼神就清楚地表达出她有那么一瞬间是赞同法海的，但白素贞不退却且真情流露，那她也能有理有据地帮姐姐驳斥法海。如果院线重映一定去支持。,1.0,积极
awsl多少次,男,广东,拍到曾老师了 我不敢上去合影 [笑哭],0.8367355237768981,积极
河六更,男,湖南,当时看这部电影时就在感慨，原来戏曲也能这么拍，太美了，太震撼了,0.9939853172494372,积极
孤单灿烂的白神,保密,浙江,我带奶奶和我爸看的，没几个人当时坐标如皋[呲牙]很美但是听不懂，我以为是我奶奶经常听的那种，后来看完问才知道她爱看的是越剧不是粤剧[藏狐],0.9996064643620082,积极
洛1天依粉,保密,山东,这么好的电影，竟然没去电影院看有点可惜,0.5369988894017337,积极
奇物-定分枪,保密,安徽,白素贞是真下头，和国女一样喜欢骗，完全就是骗婚，而且妖力强大以后肯定是家暴女，难怪被法海收拾,0.7339221325055375,积极
冈田纱佳の现任,男,安徽,电影是不错，但是别碰瓷好莱坞了，吹都吹不到点子上[呆],0.07415400201140254,消极
王和玉兰花,保密,重庆,好幸运当时我去影院了[爱心],0.9903332325020341,积极
Der到成仙儿,男,内蒙古,五刷,0.5,中性
栖鸦去尽远山青,保密,陕西,今天戏曲春晚看到曾老师了，老师声音一出我就立刻窜起来了，我真的好爱白蛇传情，看了太多遍老师唱粤剧的声音我都记住了,0.999963498788671,积极
兔仔妈2018,女,北京,感动……让我回想起60年代中日合拍的白蛇传的原版，也是最早的版本。那部是完全根据原著拍的，如果你们看过那部片子，或看过原著，就会明白，法海是救许仙的，只不过他执迷不悟。和徐克那部《青蛇》里的许仙一样。,0.9999853104922566,积极
怜悯吾,男,江苏,前几日观看，剧组非常好，这么好的电影没火，真的是时不我待。恨今朝，饮酒思愁。,0.9327276742899155,积极
漫画137,保密,广东,当时真的没有几个宣传 有幸去电影院捧场了超级好看,0.516435797021457,积极
加急康康,保密,广东,有没有05的[脱单doge]男的，我真心喜欢粤剧,0.8601332257838151,积极
OkabeShinpei,保密,四川,比起好莱坞差到哪去了,0.5847744319079365,积极
眼中再无意中人3526,保密,吉林,这部电影的打戏很好看，特效更好看！[支持][支持][支持][支持][支持],0.9993928879778528,积极
双叶幼稚园一哥,男,北京,你还不,0.41606848585605616,消极
非洲欧皇哥,保密,广东,[喜欢][喜欢]我对这种有场景搭配的粤剧拒绝不了一点,0.7356870462304348,积极
宝藏男孩吴以岭,保密,广东,这就体现出互联网平台的好处了，一些成本低但比较优质的作品可以放在互联网平台上，不用跟那些大片争，让时间去创造自己的口碑，总比午夜场多一些展现的机会吧,0.999811890871026,积极
縮骨強,保密,广西,搵好耐都無知邊處有?終於在B站搵到嚟部戲啦，好激動啊。人生首次睇粵劇可以發彈幕[笑哭],0.9248741266149272,积极
殇薛飞,保密,浙江,好好看啊啊啊,0.8201720339913172,积极
任意门的说,保密,湖北,知道口碑好，但不知道原来居然这么好看[大哭],0.6634635576564578,积极
无聊人类的生活方式,女,河北,能再上影院吗？，想上电影院看,0.11693276070882808,消极
起星鱼了ovo,女,安徽,[保卫萝卜_哭哭],0.5171890946671688,积极
好子弹上膛,保密,福建,非常棒，影院看了两场,0.9874158512074817,积极
B站最后一名用户,男,四川,施主，她在缠绕你啊,0.7897740429366419,积极
应是如来,保密,广东,谁2024又看一遍,0.7765828490452095,积极
奈何少年不年少,男,浙江,一年一刷,0.5,中性
susan是偏执的,女,北京,可否重映啊！这么全方位优秀的作品没能去电影院看感觉错过了一个亿,0.9917412121891332,积极
白雪月乃,女,江苏,好几次泪目了,0.1666094152146983,消极
榆树檩,保密,四川,我愿称之为艺术品,0.9369478678867806,积极
hoki-九刚,保密,河南,太好看了这部电影，里面的每个唱段都好听。最后月声起的时候，我的心也碎了，呜呜呜~为这凄美爱情干杯( ゜- ゜)つロ,0.9887371843935037,积极
风易飞,保密,广东,我居然没看过这个白蛇传[笑哭]，这剧情这法海太赞了??,0.7123454401310104,积极
藤原和树,保密,河南,法海降雪那里的曲子叫什么名字啊,0.9816370544201192,积极
泰尼普,保密,广东,[笑哭]放假三天刷了三遍，听的鸡皮疙瘩都起来了,0.7895465821058338,积极
1212呵呵1,男,上海,伟大，无需多言,0.8780844279994069,积极
冰墩墩20001号,男,江苏,1:24:49,0.5,中性
冰墩墩20001号,男,江苏,1:01:01,0.5,中性
青旃默染,保密,上海,[tv_doge]好了，下一个开始在追一遍孟姜女,0.9603372812233838,积极
lonorca,保密,浙江,神作,0.5,中性
lonorca,保密,浙江,之前在电影院看的,0.5618565332226944,积极
李向芝,保密,未知,为郎甘愿，飲雄黄,0.6892288955594477,积极
bili_54932812789,男,广东,可以利用现代的后期手段做成布袋戏这样的艺术形式，让年轻人接受的方式呈现才能继续存续。,0.9999993515479889,积极
水丶豚骨拉麵,保密,广东,艺术！艺术啊！,0.9829407374692493,积极
缝缝补补的人生,保密,江苏,汗毛竖起来了，看完酣畅淋漓,0.8765650764636639,积极
junhongliao,保密,广东,难以想象看到本片时的感动，一直跟着拍子敲指头，一边眼泪哗哗的流，浑身鸡皮哗哗的起…………,0.922171144239823,积极
鵼大师,男,未知,太顶级了我靠,0.8830348005773195,积极
huge113,保密,江苏,如果京剧 黄梅戏都这么拍，还愁没有年轻人看嘛,0.9652668309334028,积极
冷清清人在何方,女,广东,我去！之前朋友推荐一直想看忘记了，今天来一刷惊艳到了,0.9573686732254594,积极
彼岸花啊娘,保密,浙江,小青：我信了你的邪，哈哈哈哈哈哈,0.995234670532178,积极
大喵想喝水,女,浙江,我今年看过最好的打戏是在戏里[辣眼睛]望娱乐圈一些208报戏班子进修一下吧,0.09927764889385149,消极
Mizuginn,保密,广东,什么时候线下再排演出啊 之前还在上学没办法看 现在工作了有时间也有钱了发现根本没有地方有演出了[物述有栖_酸辣][物述有栖_酸辣][物述有栖_酸辣],0.9754855157247264,积极
lxg007,男,重庆,太出色了，太出色了，真的震撼到我了，我一直很喜欢戏曲，但是我真的不知道戏曲配上现代特效和实景背景会有这么出色，这么惊人的演出效果,0.9981670058006364,积极
lxg007,男,重庆,这部作品其实没有做到我心里想象的传统戏曲改电影的最好，但是这个剧情改变真的让我感动的泪目了，没有抱着古老的古人的那一套，而是做了符合现代人价值观的改编，许仙，法海，白素贞在原版故事里的不太符合现代人价值观认同的行为和言论都做了合理的改编，太出色了，我不知道编剧是谁，但是他绝对是个真正的天才，看到这样的作品，我对传统文化所一向抱有的悲观态度也有一些改观了，本来我觉得50年以内就会消亡，现在我觉得还是能撑到我离世的，真的，想到这个我激动的哭出来。至少在我死之前，我不希望我来的那个文化环境断根，真的谢谢这个剧组，让我看到了一些希望[大哭][大哭][大哭],0.9999999999999991,积极
lxg007,男,重庆,传统文化要怎么发扬？答案就是这样了，不是抱着那些老古董逼着年轻人接受它，而是自己变成很酷很屌很炫的东西去适应年轻人,0.9999993645710213,积极
无冬之夜888,保密,贵州,以前觉得许仙就是个无能渣男。看了这部剧，第一次被白素贞和许仙的故事感动到，精彩绝伦,0.999970511459633,积极
魔兽诚可贵,保密,广东,我怎么看都是 白蛇-传情,0.9741404494455065,积极
浇水养花吧,保密,山西,真是美啊！,0.8599882147717239,积极
十四十行,保密,云南,很不错，,0.9200760629671317,积极
bili_17898656550,保密,广东,完美[支持],0.8757366691493097,积极
尹伊555,保密,浙江,哭啦[大哭],0.8401863186095961,积极
青江小鱼,保密,四川,这部戏真好，很感人,0.9968951464976987,积极
大天使米迦罗,保密,重庆,"还是先把西湖的水弄干净再说吧,隔老远臭死人了",0.023419818775766266,消极
阿呆可爱佛一个,保密,广西,太久了有点不记得了，当时感觉对许仙是有失望的。,0.40666807990909004,消极
Myail,保密,广东,支持粤语，,0.6018335324800816,积极
冬阳老baby,男,江苏,这剧真的神了[星星眼][星星眼][星星眼],0.6057101822828542,积极
阳阿公主李刘旻鴍,女,未知,妳们在撒谎??本宫【阳阿公主李刘旻鴍】根本不认识什么佛母[阴险][黎明觉醒_怒了鸦][生气]#白蛇传·情#,0.7428554933582446,积极
XFDream,保密,山西,真的好看,0.7147582337589132,积极
不要滥用激素眼药水,保密,江西,按照传统的说法，白蛇是属于不走正道，偏离了伦理大道，从仙道脱离，不守纲常，由精灵变成了妖,0.9998959496797879,积极
这个称昵应该不会存在,男,云南,卡,0.2986486486486488,消极
爱马栩,保密,江苏,这大制作，在戏剧里属实没有想到,0.6881150164845473,积极
现实更善良,保密,河南,孙悟空怎么可能斗的过千年大妖白素贞，没可比性。,0.23941290382379066,消极
虎8同学,保密,江苏,戏剧原来也可以这么美！,0.9743920694075836,积极
星星冷啦眨眼睛,女,上海,留个爪，明天继续看,0.6144038815672503,积极
性认知女进女撤被无期,男,甘肃,好看一个00后看的津津有味,0.9823538193870783,积极
我爱新疆哈密干,保密,山东,[热词系列_可以],0.7158694181936329,积极
刘姥姥大闹宁国府,保密,广东,好看，好听，好美,0.9118274214053824,积极
machine841567,保密,北京,"唱腔温柔辗转  功夫扮相 词也好 场景也妙哉 
白素贞水袖是真功夫吧 会魔法吗？ 
这个团队值得打call",0.9973332756274835,积极
machine841567,保密,北京,拍的太好了 牛逼,0.6006099936710331,积极
山迎户,保密,湖北,与君初相识，犹如故人归。,0.7665612189070139,积极
祖传大鹿,保密,广西,感到屏幕色差的威力了，01:26演员的妆在手机上是偏粉色，颜色发艳比较跳；在电脑上看是偏橙红，饱和度很自然[小电视_思索],0.9755493682366629,积极
呼喊2,保密,浙江,好看，是一次大胆的尝试。现在舞台剧也火了。传承中华文化[星星眼],0.9936243795663009,积极
可怜的Tom猫,保密,安徽,很美很好看！！,0.8916062085475063,积极
spica123,保密,江苏,啥时候上张曼玉那个,0.969583443595617,积极
吾辈又不是猫,保密,辽宁,希望能有更多的戏曲作品登录大荧幕[星星眼],0.9215189079777947,积极
安志杰高州分杰,男,广东,第一次知道粤剧还能拍成电影[doge],0.6656989472066822,积极
潇赫彦,保密,广东,致敬艺术,0.9805510976692554,积极
DB木子,女,江西,真的期待《梁祝》,0.9547631323375003,积极
撸铁勺,保密,广西,真的太绝了！！！,0.19235866754890674,消极
欧阳陌灵,男,广西,晚了两年看的，真的很精彩，很棒。,0.9525977777500475,积极
酸梅汤哪里去,保密,辽宁,早在电影宣发的时候，就很期待它了，毕竟近年来戏剧电影很少，最常看的都是五女拜寿这些老片子了。并且粤剧在我们这边受众不多，剧院里常见的剧种是京剧黄梅戏。所以超级期待去电影院看粤剧电影。但可惜电影上院线的时候，我们这边排片特别少并且时间地点都有些偏，没能够直接去影院观看。如果有重新上线的机会，或者有新片子，一定会去电影院捧场去??,0.999999991643434,积极
小摸尼,女,福建,太短了[大哭],0.41271786502080265,消极
Oliver148,保密,广东,好正！!,0.7212887312330736,积极
_麻雀_,女,湖南,好美好美！,0.9627999660405275,积极
阿逵女,女,未知,哭死了，白素贞柔情婉转，小青俏皮灵动，人物形象甚是浓郁，超级喜欢[爱心]#白蛇传·情#,0.9334972187814542,积极
哦豁伱蒸糕,男,陕西,太牛了，飞行有音爆,0.07722597631363726,消极
朋也同学想吃面包,男,广东,看这电影想起梁祝了[大哭][大哭]也是不错的电影，,0.9998907347676435,积极
多么哇塞地姑娘,女,河北,没看过的风格，画面太美了,0.8038175596961561,积极
轩辕艾珊,保密,浙江,这部剧上映的时候我竟然不知道，大陆的宣发真的该死啊[大哭],0.8960590798197205,积极
我们七斋都有病,保密,上海,昨天去看了现场，嘿嘿。各位老师都超级棒！,0.9585094760439928,积极
厌世迷城,男,安徽,为啥我觉得这特效秒杀那么多高经费大片呢,0.12127353347798109,消极
月下美男666,保密,广东,一部完美的粤剧电影，千年粤剧就应该用新的方式，要新瓶装老酒，酒香方可传千年！！,0.9901206062827239,积极
x半夏微凉冣,男,上海,都以为法海是白素贞的劫难。其实许仙才是白素贞的劫难，而法海才是那个拯救白素贞于劫难的机缘啊,0.9953715430794016,积极
阿一耶耶耶耶,保密,广东,无奖问答 小白是白素贞 小青呢？,0.3511082219470252,消极
米果一只,保密,广东,23.10.23前天刚看了舞台剧，又回来重温一边经典[支持],0.8244944868470354,积极
花花啊是只猪,保密,广东,刚上映的时候在电影院看的，第一场，当时入座率不是很高，真的很好看很震撼，值得二刷，然后有幸看了舞台版，也超级好看，各有千秋，也很值得现场看，如果舞台版和电影版都很值得反复观赏，推广了粤剧，让传统文化没有走向没落，真好,0.9999999979436576,积极
兔子先生9326,女,广东,今天深圳南山万象天地有一场排片可以去看,0.8185100122503686,积极
春风古茗,男,广东,怎么一卡一卡的,0.24477453484095735,消极
GlT,保密,广东,今天看了现场版的，就问一句，能不能联合b站出个官摄[大哭][大哭][大哭][大哭]真的好好看啊好好看,0.8416340996449297,积极
MantisOfficial,男,海南,??,0.5254237288135595,积极
适晓晨,保密,湖南,在做这个英译研究 但是英文字幕都没有,0.8830419720912512,积极
是绿树呀,保密,陕西,太好看了，看完了，欠你一张电影票，绝美的中式风情，情愫缓缓诉说与我的感觉，如此细腻。水墨审美真的让我的眼睛得到了洗礼，希望多拍一些这样的作品。,0.9999839297707481,积极
树起凸,男,广东,建议大家屏蔽3级以下包括3级的弹幕吧，你会发现少了好多弱智发言，弹幕瞬间清静很多,0.5316352010996245,积极
古靥大小姐,女,广西,好想在电影院看啊，三刷了，虽然是耳熟能详的故事，但就完全能让人沉浸其中，太棒了,0.9989365703792177,积极
独立团一营长张大喵-,男,上海,上海天蟾逸夫舞台9.29的剧，有没有一起去看的呀。,0.8459524034181484,积极
赤橙黄绿青蓝紫的花,保密,广东,好看,0.7112462006079026,积极
绯大帅鸽,男,山东,果然，看金光的都喜欢看这个，我看弹幕看到好多同好哈哈哈哈哈哈哈,0.9992493859910305,积极
壹滩熊,男,山东,很棒，只是中国人年轻人缺失了对中国传统戏曲的审美，致使戏曲只存在于老一辈的记忆之中。很高兴现在还有这样一批人能拍出这样的片子，但是也没什么需要担心的，毕竟，B站的各位给出了9.9的评分，说明我们的年轻一代认可这些，我们未曾远离中华传统（因为被殖民过，出现过文化危机，所幸不曾有过文化断代）。相信我们终将还是我们！,0.9999999999998099,积极
赫連清子,保密,广东,广东人看得津津有味，剧情对白太感人了,0.996284079696348,积极
小刊的分身,保密,河南,小白仙山抢灵芝那段，弹幕有人说高考前早恋的危害，给我笑拥了我天呀哈哈哈[喜极而泣]要不要那么贴切,0.9998453542156572,积极
最痴君,男,陕西,孩子是什么时候出生的？,0.8996121484548385,积极
Y假不正经,男,广东,情不知所起，一往而情深[tv_大哭],0.9380724717315554,积极
一个如花似玉的诗人,保密,浙江,好剧啊,0.9716843404415578,积极
我只是一个小小孩,保密,江苏,这不比京剧好看？就是遣词造句和普通话有点不一样，听不懂,0.9467494731107644,积极
伊巴谦莫域,保密,广东,从不看粤剧的我，竟然全程看完了[小电视_赞],0.7982617079759213,积极
文文他爸,保密,上海,"真美意外不知道说什么
[星星眼][星星眼][星星眼]",0.9627839722781687,积极
鷇音_大道之声也,女,广东,我在戏曲台看过，很喜欢这一版,0.8415858005627088,积极
狄穆岚,女,河北,小青看许仙：糟蹋姐姐的猪/许仙看小青：年轻的丈母娘[doge][doge],0.9896130491812829,积极
awsl多少次,男,广东,村里这几天请了省二团 隔壁请了省一团,0.18932069887018343,消极
feipeng188,保密,广东,这部片我当时在电影院连着两天看了两遍,0.5381424372958558,积极
黑龙噬魂,男,湖北,我想说一句啊。从一开始白蛇与许仙的缘就是白蛇强求而来，之后还把许仙吓死了一次。有人肯定要说，因为许仙买雄黄酒给白蛇喝了，才会现出原形。但是许仙又不知道他娘子是妖变的，雄黄酒古时人们认为他有辟邪补身功效。许仙买雄黄酒给娘子喝。本就是好意。哪知道自己娘子是妖啊。当时就被吓死了。其实到这里来说缘分其实就已经断了。人都已经死了。白蛇到仙山上摘取灵芝把许仙救活，这已经是逆天之举。之后许仙因为吃了千年灵芝，可以感知到白蛇的本体。又听到他人在说娘子可能是只蛇妖，心中很是疑惑。才去找法海求得答案。之后便被法海带去寺中断却这段缘分。然后就是白蛇带着青蛇。想把许仙带回来。然后就跟寺庙里的那些僧人打了起来。有罗汉的屋子的时候，许仙那时正在被度化。那个阵法凡人是出不去的。之后许仙看到娘子受伤想出去。怎么也出不去，拿头撞也出不去。然后就是白蛇身受重伤。躺在西湖岸边。青蛇说他负了白蛇，但是白蛇没告诉他，她为了救他去摘了千年灵芝，还受伤了。许仙根本不知道这一切。之后小青才说出了这一切。许仙这时才知道。但大错已经铸成。天道为他们的情悲悯下雪，但是白蛇用大水淹山造成生灵涂炭被天雷劈是免不了的。被劈死是绝对的。只不过有人帮她挡了一下。然后就是镇压在雷峰塔下千年。许仙也在雷峰塔边陪着她，直到老死。[呲牙],1.0,积极
火锅里不放肉,保密,上海,没想到能看到如此精彩的戏曲类电影。,0.8835660123296235,积极
y1mo_,保密,四川,太棒了！！,0.7836782057411061,积极
是裤裤不是酷酷,保密,广东,广州老实人表示打小就不喜欢粤剧，但是如果粤剧以这种形式表现，真的很容让年轻一代接受并且喜爱，梁祝聊斋木兰孟姜女安排一下啊！！！很喜欢里面的一句台词：谁的情话，流传人间（千年）~[脱单doge],0.9999854792775569,积极
闻蝉但益悲,保密,江苏,恋爱脑引发的悲剧,0.9972381702245403,积极
Aaronyl918,保密,福建,9.9 分，我想知道吗 0.1 分怎么扣的[doge],0.2151798535607935,消极
博物小生,男,广东,问世间情为何物，直教生死相许。在纷繁复杂的当下，我们听多了出轨、离婚、抛弃，对真情失去信心，只能用华服、豪车等外物安慰躁动却又无奈甚至受伤的心，今日赏佳剧、忆惊情，愿每一位观众朋友都能一生一世一双人。,0.9999999999999625,积极
方正杨,保密,江苏,这特效风格  相较于比起现在这些年层出不穷的古装仙侠言情剧  精致逼真多了～～,0.9999979940324804,积极
keyong1050,男,广西,今天不知道是第几刷了[微笑],0.6017034129944474,积极
sonasu,保密,广东,马娘可以，猫娘可以，犬娘可以，蛇娘为什么不可以[傲娇],0.731855756430202,积极
卖火柴的红萝卜,保密,上海,没啥文化，只能说一句，真美,0.5134991867946581,积极
墨墨水水,女,广东,好看，水墨风好美啊[打call]第一次看粤剧电影,0.9859116122552578,积极
小屁孩爱吃鱼,保密,湖北,曾小敏老师真是非常潮流的戏曲人!,0.9831581401873478,积极
莫妮卡卡哒哒,保密,广东,好美[大哭],0.9579807358950818,积极
栖霞之,女,江苏,啊？戏曲片不是都这么拍吗，我还以为拍摄方法多新奇，特地来看。。,0.9492360538559133,积极
咸鱼们的老大,女,广东,这版的法海与白青两姐妹只是立场不同，法海是真的有出家人的慈悲在的,0.9899210028126008,积极
BeCrazyDevil,保密,江苏,这部电影不能投屏，哪位uu知道是为什么，其他视频都可以投5555,0.7824353265314843,积极
吖布Andrea,保密,广东,太拖沓了，真的太拖沓了。剧情造型演技都很好，但是有些地方好能拖。看着好累。,0.9462329035732209,积极
春林雾,女,四川,呜呜呜，美呆了,0.8803008685368913,积极
灰常海海,保密,广东,电影的舞台效果就已经炸裂了，我小时候就是跟着奶奶去看了不少戏剧，这台粤剧迈出的步子很大很大了。这个比迪士尼的伪中国风动画，不知道纯正多少倍呢。,0.9999377222715208,积极
钱小妞淘气,保密,山东,2023了我还在看，希望下次能在电影院看新片，太好看了,0.9033854815612588,积极
岸久久久久,女,上海,太遗憾了，没能在电影院看到,0.25238539010821925,消极
刚才驱之不散把,保密,广东,好看呀，兄弟姐妹们好看，老少皆宜的优秀作品啊，真的是老少皆宜，真的好看，仅此一份,0.9953580625854402,积极
甜笑为别,男,未知,21年的时候，有幸在电影院看过[呲牙]，那一场人也有三分之一,0.024228161066584875,消极
西山大树,保密,湖南,除了戏曲电影，哪还有电影让我们台词都背下来了还在一遍一遍刷的,0.9951686819392548,积极
苏溪汀,保密,福建,真不错,0.8632519542194063,积极
joyjoy103,保密,北京,希望潮剧也能搬上电影屏幕,0.9696565956130097,积极
子瞻约我BBQ,保密,浙江,太美了[大哭]表白白姐青妹[给心心],0.9391955521397566,积极
ParisHill,保密,广东,[辣眼睛]早七点还有八个人看，这句上头几年啊看来,0.7491832417365879,积极
141麟某人,男,山东,各位兄弟姐妹，法海是金翅大鹏的转世吗？[脸红],0.2807032538608193,消极
玉广文俊,保密,广东,非常喜欢曾老师,0.9824938276375704,积极
路远有江莱,保密,河北,好看[打call],0.6892074482293215,积极
不可爱就不可爱,男,浙江,我记得，青蛇貌似刚开始设定是公的吧[滑稽],0.989061744616905,积极
晴开咸阳雨落长安,保密,重庆,千年蛇妖人避嫌，唯有许仙相爱与。若恐千年等闲之，诺你千年相约之。,0.9990453304300507,积极
长岛冰茶er,男,广东,不愧是院线版，视听表现太高级了,0.9764381129802704,积极
萨埵十二惡皆空,男,北京,难道我前前前前前前世就没救过小动物吗[酸了]，这么久了怎么还不来报恩[热词系列_锤],0.9684888353239366,积极
啊呜三大口,保密,安徽,佳作中的佳作,0.9970989723721277,积极
沧梦妖心,保密,湖南,这是？,0.5262327818078083,积极
小泓爱唱跳,男,广东,这个字幕能调大点吗，我在给我奶奶看，但她有点看不清字幕,0.0076872808164586415,消极
BulaChiang,保密,山西,太美了，从头到尾就是一个美字,0.9137513470778988,积极
猪突猛进123,保密,河北,水漫金山在石头上定格动作时间太短了[大哭]帅的有点看不够,0.9358543794241612,积极
御坂9993号,保密,安徽,"把戏曲搬上大荧幕，利用特效打造超一流的视觉听觉盛宴，舞台上短短几步不在是幻想的代表，而是荧屏里的千山万水。几句独白不在是无力的默念，而是唯美动人的画面。
这部白蛇传一改所有版本的人设和台词剧本，一言一行暗含道理，一字一句关乎逻辑，妖怪和得道者不在是苍白冰冷的代表，凡人也能在仙佛面前有自己的一席之地。
不仅真正的发扬创新了传统戏剧文化，更是把一个普通的爱情故事升华，整体水墨风的特效别具一格，每一帧都是壁纸，无论演员功底还是服化道，都达到了国产电影的巅峰水准。
这部白蛇传堪称新世纪的经典，文化瑰宝。[热词系列_三连]",1.0,积极
邵思逢,男,广东,之前好像是单独购买的6块钱,0.35806592308023866,消极
配音的banana,男,辽宁,艺术啊，这就是艺术啊,0.9829407374692493,积极
kuailelibl,保密,江苏,好剧好电影,0.9953826019604098,积极
北方游侠x,男,内蒙古,纯路人，只听过几段京剧，但看到这样的表现形式很开心，感觉非常棒！还是艺术工作者们严谨，细致，有想法，有诚意，相较于娱乐向的影视剧作品来说，好的不是一星半点，值得认真看，反复看，希望这样的作品越来越多，把更多的戏剧带入大家的视野中，特别是带给年轻人，特别是下一代！真正的与时俱进，传承下去！,0.9999999999992966,积极
流星之绊1993,保密,广东,留个名，很好看，我想起了一个姑娘,0.9469221237649599,积极
噫噫噫噫咦弋,保密,广东,好看好看，跟我妈看到了十一点[打call],0.7400649092154536,积极
otlzzqq,保密,重庆,100分,0.4555799615340299,消极
凌星月,保密,四川,所以就是角度不同心也不同，纣王知道妲己是妖就算她祸国殃民依旧给她万千宠爱，许仙知道了白素贞是妖纵使白素贞一片真心他还是马不停蹄的去出家,0.9999988377662158,积极
野生宁崽,保密,北京,白蛇传为什么是中国四大民间传说故事之一，就在于仅仅一个一人一妖的相恋故事，故事涵盖范围却包含了反抗封建礼教、缘起缘灭的宗教探讨，众生与私己的价值取舍，人情与法制的对立统一，而且探讨的淋漓尽致,0.9999999977550624,积极
梅諒医酆凢,女,湖南,好看,0.7112462006079026,积极
把美梦捕捉,女,陕西,"我真的可喜欢白蛇传吧 从小就对白蛇传印象深刻 我还迷迷糊糊记得小时候白蛇喝下雄黄酒露出原型摇着蛇尾巴的样子 真的印象深刻 不过那时候还不懂什么白蛇传里所说的爱 现在呢稍有一些自己微薄的体会
先说白蛇吧 我觉得白蛇是一直被歌颂的最深情的角色 事实上确实是这样 没有人能比白蛇更理解所谓的爱 她轮世千年 与许仙续缘 不知结果如何却能够赴汤蹈火 真的可敬 她不吝啬千年修行只为与许仙再论前世因果 再看西湖畔水  冥冥之中定下的缘分使她不惜喝下雄黄酒 她甘愿取灵草救许仙 甘愿自损未来被雷峰塔镇压  即使面对许仙对爱情的懦弱她也能够磊落坦然的接受 她不怪罪许仙 只笑着哭着说这是自己命里的劫 呜呜呜我的白蛇姐姐 她寻求爱 光明且大义
然后说青蛇 我觉得青蛇的角色刻画的很棒很巧妙 青蛇只有百年修行灵窍未开 我以前看的时候总觉得青蛇做事太过鲁莽太过轻浮 但现在想想她作为一个小妖精 能懂什么世贤圣理呢 她只不过从她的角度去真心实意为自己的姐姐考虑 即使水漫金山前途未卜也甘愿前仆后继 她不懂人间清欢 却清晰的了解她与姐姐的情谊(有时候觉得我就是青蛇hh)
再说许仙 以前觉得许仙可软弱可没担当 而且看影视弹幕评论也都是这样评价他的 但我如今却觉得 许仙是我们每个人切切实实的青春刻画 他与白蛇的相遇只是在他这个世界里的机缘巧合 你让一个凡人一微芥子去理解白蛇的缘吗 怎么会懂啊 你若遇见妖你心里不会胆怯不会害怕吗 他在法海劝说下去做和尚 这正是以他的方式去了结因缘去填补自己的内心 他做的是不完美可最终不也成全了和白蛇的相爱吗 我觉得大家评价不要对他太过片面刻板 轻点批评他
最后说法海 法海代表的是守护人间秩序的佛祖 他不能全部说成正义也不能全部说成邪恶 他就像阴阳二面去安定人与妖的界限 都说法海不懂爱 他确实不懂 他只是去完成他自己应尽的职责 不过他拆除白蛇许仙的手段确实太过冷血(当然这是从个人的角度里看的)  他以他的方式去维护人间 毕竟人妖殊途天理难为嘛 有些版本里刻画当他遇见这段与世俗欺诈伪善不同的爱时  他也会动容去放下自己的成见 去成就这一世白蛇许仙的爱恋
(???ε???)就写到这了 期待我以后能从青蛇成长为白蛇",1.0,积极
qq22qq2q,保密,河南,青年艺术家，名不虚传,0.9951632955934088,积极
sarah丶Ang,男,山东,@Amby安心 看这个,0.6446622269570437,积极
天山罗老侠,男,山西,我就是为这部片子充的大会员,0.5672320715636506,积极
耍氓的小妖,保密,广西,比起那是三天的速成片，这个片真的不要太好，文化蕴含，历史，科技，演技，全部都有，真的是太震撼了,0.9977404857810359,积极
耍氓的小妖,保密,广西,真的超级好看,0.6452123476902283,积极
屠龙者难离渊,保密,海南,戏精,0.8784767356687044,积极
喜黑仔窝,保密,广西,封顶的艺术佳作，即是传统粤曲传承与创新更是与电影的完美结合。这样的结合让电影的每个镜头都是一幅画。真佩服电影创作者。期待下一部佳作,0.9999999931384784,积极
目标是发动地鸣,男,广东,白嫖大会员再来重温，4k+杜比真的无敌，眼睛耳朵都怀孕了[脱单doge],0.9781217018218796,积极
账号已注销,保密,福建,[给心心]喜欢小青,0.84983156407966,积极
最高宇宙,保密,贵州,这里的特效看起来，不知道为什么，我居然觉得比那些所谓的玄幻剧好多了,0.8704335878209958,积极
我的已梦想成真,保密,辽宁,疫情结束了，能不能重映呀,0.31140484763618015,消极
为了夜兔一族,保密,重庆,好剧，值得细细欣赏,0.9996055139036133,积极
一生一念一念一生,保密,山东,牛[给心心][给心心][给心心],0.9637895308515495,积极
sherrywax,保密,广东,全片最可惜的就是用了枯山水……,0.9653057306871242,积极
Ipanema7,保密,上海,巡演！巡演！喜大普奔，2023年10月29日，上海天蟾逸夫舞台，广东粤剧院来巡演《白蛇传     情》了，可以买票啦家人们??????????,0.7148641280439123,积极
有活力的的桂鱼松鼠,保密,山西,许仙劝酒那段第一次看的时候感觉好尬，但再看总是忍不住要多看两眼，感觉这段是全片最欢乐的，第一遍跳着看等第n次看，感觉这段好有戏的，根本不敢眨眼,0.9869998796745996,积极
有活力的的桂鱼松鼠,保密,山西,东北人听不懂粤语，第一遍看电影的时候，有时候要死死的盯着字幕，但真的很好看，身段唱腔，特效化妆都很棒，刚开始看不下粤曲唱腔想跳过，但剧情好精彩，不想破坏剧情连贯性，就想忍忍就过去了，但越看越好看,0.9998576649512227,积极
就如当年相笑时,保密,河南,彩！,0.9166666666666667,积极
祯礼在呢,男,河北,好听！,0.33333333333333337,消极
淡盐水,保密,广东,不是粤语版吗，怎么说话还是国语,0.21754697653647248,消极
翊杉,保密,吉林,难怪粤语歌好听，原来打根上粤剧就这么好听,0.1396292281165914,消极
车前子L,保密,上海,上个世纪也有很多好的戏剧电影，我是安徽人，记得小时候就看过黄梅戏电影天仙配、龙女，还有其他的歌舞电影如刘三姐，阿诗玛，只是戏剧没落了，这些也就没了传承,0.9999999969068425,积极
2013小小虫,保密,山东,"不落俗，不媚世。
多情生，无情止。",0.6296965964670277,积极
糙米水,保密,湖北,牛逼啊，这么好的东西我怎么今天才看到[大哭],0.8302223466662697,积极
摸鱼的数字君,保密,广东,白娘子和小青的衣服真的好看,0.6347302970062302,积极
枫影月夜,保密,浙江,可惜特效不是咱们国人做的。,0.7439348916130837,积极
枫影月夜,保密,浙江,画面牛逼画面牛逼。,0.8763476026149274,积极
虎虎虎猪猪猪,保密,广东,我在电影院看的[星星眼]，来小破站又看一次,0.3337634693499899,消极
青木白玹,保密,海南,石砌的塔有点尴尬,0.392586410637895,消极
白玄雲,保密,广西,超震撼[大哭][大哭][大哭],0.9760506437098564,积极
ssjxzl,保密,浙江,真的太棒了。。。,0.8862838221413167,积极
曾院长请收我为徒,男,江苏,最后一段，老泪纵横,0.6765978119441514,积极
楂阁下,保密,广东,纯粹、感动,0.7809973243776197,积极
黑山老妖聂小倩OL,保密,陕西,很遗憾我们的城市没有上，不过有幸B站看了好几遍，个人感觉这部电影最出彩的除了曾院之外就属王燕飞的法海了，无论从扮相还是动作设计他的法海都是排在前列的，他站在那里就像一个降妖除魔的大武僧，确实比剧版里的那个只会用金钵盂收人的白胡子老头看着更像是印象里那个不近人情的法海，当然赵文卓的“大威天龙”不算，那个需要先看一遍李碧华的原著小说才能理解的法海，,0.9999999999972735,积极
云开明月月高悬,保密,广东,好看,0.7112462006079026,积极
81611428144_bili,保密,吉林,太好看了,0.5375152786177115,积极
得之心而驭之久也,保密,四川,这部剧的每一个片段的背景纯音都让我想起了 老金,0.9995995702792474,积极
5184673,保密,天津,唱的部分让我很尴尬难受，，不知道为啥，换成念的是不是会好点，审美超级在线，一直截图[给心心][给心心],0.0065927840637275414,消极
copy_pink,保密,广西,从待你归来宣传曲来的好好听啊迷上了,0.7394894437834633,积极
桃沢治子,保密,浙江,好看爱看,0.8942313018668018,积极
RWBY丶飞羽,保密,山东,建议关弹幕观看，弹幕小学生是真下头，怪许仙的，怪法海的，就是没有怪白娘子的，因为人家是女的嘛，我跟你们说说它们怪的观点，首先怪许仙是因为什么呢，就是因为许仙知道白娘子是妖之后，出于对妖的恐惧，法海的强留，事后人家许仙想通了，对妖再次立誓不离不弃，唉，这就成渣男了，嘴炮了，我寻思这要是渣男，现代估计七八成人得送火刑架吧，再就是法海，水漫金山居然能怪到法海头上我是没想到的，我寻思你们斗法非得弄得那么浩大自己控制不了才行？水淹金山从本质上就是白娘子没把别的普通人放在眼里，为了许仙管他人死活，在这些人眼里那就是爱情太伟大了，要是被淹的是它们，我估计早就问候某妖18代了，还有说许仙耽误白娘子成仙的，我就无语了，我寻思不是白娘子先来沾惹许仙的？人家许仙要是娶个普通人哪来那么多难，又是被吓死又是被喷渣男，最后还得用一声在塔外守着白娘子，现代人的三观真让人不敢苟同,0.9999999988113484,积极
想取名叫阿让,保密,浙江,建议关闭弹幕食用[打call]真的是很棒的电影哦[给心心],0.9858308640806789,积极
无棱影子,保密,河南,看哭了，很美,0.9686444856682747,积极
我草莓发卡呢,保密,福建,太好看了。看哭了，太美了,0.8915570832035568,积极
江澨,保密,广西,真的没想到，居然那么美，太好看了,0.5885036222701187,积极
_天地无穷极_,保密,陕西,制作可以说很用心了。在电影院一刷，想起来又来B站刷一遍，双倍满足!,0.9687111910395578,积极
小羽wyc,保密,北京,都在叫人家创新 创新  中国多少老东西就是因为创新。然后搞得洋不洋中不中的四不像了。中国老祖宗欣赏了几千年都没问题 ，到你这来了 就欣赏一次就感觉要落伍了一样。,0.9999942563880068,积极
秋月0孝三,保密,河北,好看,0.7112462006079026,积极
楽幽鎏,男,四川,这才是有我想象中中国神话的样子，那些古偶剧真的提鞋都不配,0.7720433897903456,积极
德丽傻啊,保密,陕西,我大学那会我们要将作品。我就写了一个关于白蛇传的看法。我一直觉得，一个人都轮回转世那么多次了，性格记忆完全不同，许仙根本就不是当年救白蛇的人。只是白蛇报恩无门，执念放不下，把对书童的爱，转移到许仙身上了。而在许仙的视角里，就是偶遇了一个疯狂恋爱脑，然后也长的很漂亮见色起意,0.9999999989323369,积极
每天都有在学习丫,女,上海,非常优质的中国戏曲电影，表白啦[脱单doge],0.6231066059501066,积极
花紫凝,女,吉林,没会员看不了。。。,0.14618386051232646,消极
龏窵儞鬕?,保密,河北,雪没看明白，白蛇应该就两个选择也只有两个选择，要么入世失去法力，要么不入世继续修行，其他的影响只对许仙作用，许仙不在意，白蛇带法力入世就像在古代有核弹一样，一个不在意的举动就会影响世界平衡，盗仙草就体现出来了。。。,0.9999999994135385,积极
okaaaaaaaa_,保密,广东,五一带朋友游玩广州，经过荔枝湾的粤剧舞台，看到乐队和演员都是六七十岁的老人家了。虽然正值公众假期围观的人不少，但是外围驻足多是路过凑热闹的游人，匆匆拍了下照就就会离开，真正认真看的也只有头发花白的老人。当时就在想再过十几二十年，当这些观众或者演员都听不动 演不动的时候，粤剧会不会更加衰落了。而自己虽然是广州人却从来没有好好了解过粤剧。所以过来看啦~ 先迈出第一步，再慢慢了解，争取之后还可以给别人介绍我们的国粹。[打call],0.9999998957115468,积极
Boundary5671,男,福建,好电影，台词也是字字珠玑,0.9883496748275463,积极
PAP_岚出山,男,江苏,给大家科普一下，这是戏曲，是假的，有艺术成分的，在外面轻易不要去搂别人，等人家摔完了考虑考虑再扶起来,0.9967325285467186,积极
赊120贯,保密,河北,我就想知道，这样的电影，为啥我都不知道，连广告都没，亏死了，我想花钱[大哭],0.005632473114433378,消极
鸣水非灡,保密,江西,闲来无事，勾栏听曲[doge],0.41848870181509856,消极
bili_14344612,保密,云南,这算是中国影史上最高雅的艺术呈现了吧,0.999217907946396,积极
谢羲,男,湖北,好看。不过粤剧里比起“他”我更喜欢念“佢”,0.9863568129158685,积极
本昵称未注册,保密,广东,大会员来也，免费看[doge],0.648834630805372,积极
花开木兰成诗,保密,福建,演的太好，太美了，2023年才知道这部，呜呜呜还好遇到了这部，不然错失好剧啊！,0.9944735888935117,积极
文件传输小助理,女,广东,小敏姐，曾院长，另粤剧院（红线女中心）就系我公司附近喔,0.8909818670311384,积极
藏起来的夏天,保密,海南,我2023年才知道有这部电影[笑哭],0.9473045387724586,积极
绿一黄七,保密,广东,总是在说白素贞恋爱脑的人好烦啊，根本没有认真体会白素贞的人物情感，只是自我意识过剩的把自己的想法投射在白素贞身上。人家白素贞修炼也就是所谓的搞事业，就是为了续前缘好吗。,0.9997868997066816,积极
htlyjy,女,北京,[猫咪公寓_再来亿遍],0.9050392081905628,积极
老铁歪了,保密,广东,好像回到了和奶奶还有老豆一起看粤语碟片的时光[星星眼],0.9133583949451375,积极
jeclove,保密,广西,希望以后多出些这样的粤剧电影，一定去电影院支持,0.8967040239306867,积极
jeclove,保密,广西,当时特地和我姨妈去电影院看的，她喜欢看粤剧，那时她看完好喜欢。,0.9006003648051153,积极
M0M0_1oo86,保密,四川,这就是传统戏剧吗～每个角色都逻辑自洽，每次人物的交锋都不刻意抓马，而是先淡定理性地辩一辩各自的道理，无论什么样的小角色都能平静地唠两句自己的真理。如果传统戏剧代表的是真实的古人风骨，那咱们古时代是真的真的很浪漫呢[嗑瓜子],0.9999999861449707,积极
澡盆王,保密,广东,我个人觉得不错的电影，戏曲表演白蛇传用电影拍出来。有戏曲里面的古典美，和戏台上想表演出的那种特效感神仙感的不足能电影表现出来。戏曲是中国传统娱乐，要说这个不好那就数典忘祖了。你可以说看不懂，但不能说不好。中国可是有粤剧京剧潮剧等等很多的地方戏剧。,0.999999999947756,积极
机智的猫君,保密,江苏,我记得早期白蛇传里的许宣特别狠，把从法海那拿来的钵盂在后面偷袭白蛇。故事慢慢演变成了现在的样子也是有趣。,0.9999827291020716,积极
Adistant,保密,广西,恭喜获奖[打call][打call]给过电影票啦！今天再来刷一遍吧！！,0.20010825976089353,消极
大玉乐哥,保密,湖北,可以，赞??,0.9176294626256368,积极
勒蒂芬-詹里,保密,湖南,一千年后白蛇从雷峰塔出来注册了b站，看了这部白蛇传，看哭了[2233娘_大哭],0.9982823127729954,积极
zxfLoveWD,保密,浙江,非常好的创新，老少皆宜！,0.8795373917260394,积极
独立摄影师pro,保密,广东,恭喜粤剧电影《白蛇传·情》荣获第十九届中国电影华表奖优秀故事片奖！[星星眼][给心心][星星眼],0.9996899741378441,积极
碧荷叶cy,保密,天津,恭喜获奖！电影院看过了[呲牙],0.9291113911865445,积极
rehellorin,保密,江苏,我一直念错 白蛇 传情[春季特辑·鹿鹿套装_害羞],0.9999197036767913,积极
雅澈拾真,保密,广东,恭喜获奖啦[打call][打call][打call],0.7752362226710803,积极
酒逢知己饮中仙,男,重庆,必须收藏,0.7341040462427746,积极
黑皮农妇在线做法,保密,湖南,23年又来重看一遍,0.5584987216305505,积极
李大贡,保密,北京,不好看呀这白素贞,0.47064760663428895,消极
帅气的李自炫,保密,湖南,留个脚印证明我来过[脱单doge],0.2691154449119041,消极
小花谷丶栖眠,女,广东,曾小敏！我高中母校的校友[大哭],0.9508443595348127,积极
小众妞儿,女,安徽,[酷仔],0.8739332821817111,积极
折墨_,保密,湖南,其实我看剧情一切正常，直到弹幕出现了一句，大概是你老公老婆是蟑螂的这样的话，我当时脑血压都起来了，我要是许仙，我老婆蟑螂精，什么山盟海誓看我捅不捅你就完事[笑哭]果然立场一替换什么情况都能说得通了,2.2498351905930747e-06,消极
风霜雨雪六十年,保密,广东,我真是无语疯了 剧中的姑山水还有人帮着求情  我只想说你有就是有没就没 有就是不行 不容狡辩 本来自家传统的展示空间都被挤压成啥样了 还在当老好人为他者求情 你每求一次文化复兴就慢一大步,0.05577902364184906,消极
黑眉锦蛇,保密,广东,"镇江金山咋老说西湖[藏狐]
你把西湖水整个抬起来都形成不了几十米的巨浪，镇江以前就在入海口，海边上不远，设定的就是海浪。金山海拔四十多米，长江的洪峰都做不到淹没金山。。。
水漫金山的雏形大概是在雷峰塔奇传，形容的是“倏忽，满地滔滔银涛雪浪，淹没金山。”
关于颜色，佛教五色象征里。黑（青）代表“定，伏，诛，怒”
黑罗汉是伏魔大阵，法海的钵和禅杖是定，后面的放大就是魔性（本体）激发后的三合一大招才能击退白素贞[藏狐]",0.7820884702662496,积极
车子厘1,男,江苏,太美了,0.7401846550314694,积极
无聊人士他哥,保密,江西,突然想到一个搞笑的，如果白娘子属于旱蛇不会游泳，许仙那样放生。。。哈哈哈,0.9419083914761778,积极
小蝶桑,保密,河北,嘎嘎好听嘎嘎美，给我非常大的震撼,0.9952445604432777,积极
泡泡茶壶pooo,保密,广西,要不是老师推荐，真的错过了这么好看的戏剧了，真的很好看,0.9995016500705899,积极
飞跃青云端,女,安徽,好剧,0.9716843404415578,积极
资深吃货梨,保密,广西,第一次看粤剧，音乐真的好听，太喜欢这些演员啦。感谢你们,0.9255448857101183,积极
莫笑同舍生,男,广东,好看，推荐。[微笑],0.9516760041143378,积极
诗茶学生3337,男,河北,根据诗茶评分，8.3分。我佛慈悲！,0.9993574952960622,积极
bili44362119809,保密,广东,以前总觉得粤剧是一群红红绿绿的脸谱人，翻一堆不知道为什么的跟斗，唱一堆听不懂的词。看了这个才知道原来真正的粤剧艺术家文能镜头怼脸眼神演戏，武能水袖卷灯秒杀替身。过硬的演员+白话的唱段+随心境变化的道化服+诚意特效+国画背景，每一点都戳中我，其它古风偶像剧真的被秒成渣了。,0.9999998912544347,积极
太医药好了没,保密,广东,真的要为曾小敏曾老师大力点赞，全片一个多钟看下来，我之所以没有因为戏曲本身的拖沓和缓慢的节奏感到困乏，要归功于曾老师惊艳无比的唱功和演技，文戏方面，曾老师的唱腔圆润而甜美，婉转而缠绵，堪称余音绕梁。让我听的如沐春风心旷神怡，是一种享受，配合上她细腻而丰富的面部表情，演技好到让我全程没有跳戏。而打戏方面也能看出基础功很扎实，在昆仑盗仙草一人打鹿童和鶴童的戏份白素贞挥剑挥的凌厉干脆身姿舞的有模有样。飘然若仙，一句话概括，能唱能打又有演技，难怪能当上院长以及国家一级演员，反正看完这部电影后我发觉自己好像被她圈粉了[打call],1.0,积极
太医药好了没,保密,广东,真的良心电影啊，不明白为什么票房那么低，这不比那些圈钱电影好看的多，真的后悔没去影院,0.3145029356631972,消极
竖起的中指,男,黑龙江,这部电影诠释了什么叫做 第八艺术 。。深深的为这部电影感动。。,0.9999585560895046,积极
碱士丙走,男,浙江,确实好看,0.807275832163921,积极
日光晃晃,保密,云南,这部剧值得9点9分，甚至可以更高，无论是审美，还是人物刻画，还有对情和理的理解，包括粤剧的展现形式，非常值得一看,0.9999924105517544,积极
一条小雨仔,女,江西,真的很好看,0.8660387744149789,积极
cossbow,保密,四川,孙悟空都见不得法海这种人,0.20075906284137335,消极
暮岁拾七,保密,浙江,[2023],0.5,中性
原来是空白啊啦,男,广东,这部电影的全部，包括它的文字、背景音乐、画面等，都在讲述着这个拍摄团队以及演员的深厚功底。电影中没有提到一个爱字，却把爱字覆盖在了整部电影之中，包括从相遇的时候产生的情，到相守之后得知白素贞是蛇后，许仙依然能够承认白素贞是他的娘子，以及包括当中白素贞为许仙求仙草、水漫金山等，都在述说着相互的对对方付出，包括最后许仙在塔前守她一百年，都在诉说着，两个人的感情必须是要两个人共同付出、以及共同守护的。没有单方面付出的感情，只有互相的作用才叫做情。太过直白的说爱我或许不太喜欢吧,1.0,积极
蒙蒙青色烟雨天,保密,北京,我就学会一新词：愣头青[辣眼睛],0.9022655596162592,积极
StMuye,男,福建,"5.1在厦门嘉庚剧院看了舞台版，意犹未尽特来再看一遍剧场版。真心推荐大家去看舞台版！
1.满分现场，值得多刷。不知道是不是因为有资助，前排最好位置只要380元！我看到后边直呼这位置卖我680都应该。
2.服化道具和制景都非常精细美观，仔细看演员的不同戏服装扮的我内心不住赞叹。
3.台词戏词写的太好了，因为以前没有看过粤剧，以为听不懂会不会全程懵逼。实际是边看表演边疯狂看字幕。台词和戏词的表演处处是惊喜，多次让我有黑暗处掏小本本速记下来的冲动——“至真至善至美，实乃情之所至”，“人若无情不如妖，只要有情妖亦人”，“谁的思念，暖了春天，谁的挂牵，永驻断桥边，谁的誓言，风里听见，……”
4.因为没看过电影版，不知道表演上区别大不大，不过舞台上的表演看的实在是太过瘾了，白素贞的扮演者曾小敏戏码给的足，表演功夫非常到位，各种情绪表达细节在前排看的清清楚楚。小青的扮演者朱红星给我带来了诸多惊喜，一些戏份我觉得要不是她的表演，都不能称得上精彩。其实在白素贞和许仙的表演时，小青几乎没有任何动作，有时还是背身。但很小的一些肢体语言都在表达她的内心活动。
5.音乐设计的很好，对舞台情绪渲染的帮助特别到位，尤其是水漫金山后许仙在断桥上一声“娘子”，加上当时配乐，直接把我喊泪崩。
6.感谢所有的老师们，这是伟大的作品！",1.0,积极
栀子徒,保密,河南,戏曲和电影的结合啊，这个算是比较成功的范例了吧，特效到演技都可以诶,0.9545829690346966,积极
cossbow,保密,四川,为啥喜剧喜欢反串呢？,0.15874658269602138,消极
黑橡果,男,河南,啊?之前不是要钱吗，怎么免费了,0.2603593851139896,消极
我詹goat,保密,广东,还好是粤语，要是国语就毁经典了,0.7840535595526731,积极
dzhy0426,保密,湖南,才知道有这个电影，回家再看了,0.8381778673376056,积极
QWQbcaa,保密,江西,厉害！,0.35964912280701733,消极
小啊啊哟,保密,江苏,这才是艺术品,0.740275619989471,积极
图坤,保密,湖北,京剧也这样改良多好,0.9444202037528037,积极
雁云玦,保密,重庆,这么棒的电影，为啥我们这儿没上映啊！[大哭],0.755650159646803,积极
疯行著,保密,甘肃,在线鼓掌[鼓掌][鼓掌][鼓掌]  好！！！,0.7990968941503866,积极
百词斩真棒,保密,广西,两年前在电影院和对象一起看的，看之前感觉可能会无聊，但是开始看之后就感觉无尿点，真挺好的,0.8777010334671866,积极
87498701016_bili,保密,广东,"新古典粤剧《倩女幽魂·爱》曲词一如既往啊，编剧和作曲还是同一批人，品质还是有保证的。

忘川河畔，奈何桥边
我泪水中映着你的笑面
随月光渐远
仿佛一场梦境
杜鹃也不见
唯留泣的弦，声声诉说
我泪水中映着你的笑面
随月光渐远
声声诉说，想你年年",0.9999999994245072,积极
小胡子bu爱吃豆腐,女,广东,这个画面好舒服啊,0.8296125488883606,积极
千色花火,男,广东,不错  挺好的,0.9642527132595317,积极
小小_陈陈陈,保密,贵州,这才叫文化自信阿！融合通俗元素，影片唯美动人！,0.9998047293520469,积极
包子面条饺子,保密,北京,不错呀。。戏曲加现在的效果。。很好很好。。怎么现在才传上来。。这个就像以前的，那部戏曲白蛇传电影似的。。,0.9817203586054917,积极
王一一Sylph,保密,天津,好美??,0.9117078135289416,积极
你很礼貌吗,男,上海,小青这个版本结局不太明白。有好几个其他版本。有惨的结局雷峰塔同时把青白蛇都压住了的直到西湖水干雷锋塔倒塌才能释放。有好的结局白素贞生外小孩是人形后，法海醒悟就不继续攻击白素贞了，然后白素贞将毕生修炼传给了小青，小青就去拜南极仙翁为师修仙了，白素贞被镇压在雷峰塔下后许仙扫了七百年然后雷峰塔倒塌了。还有一个版本小青、白素贞和许仙功德圆满，一起飞仙了，还没忘携手法海……见于《新白娘子传奇》。这圆满大结局无疑加入了那啥元素。个人倾向于现实主义的话，小青必是爱憎分明、聪明勇敢、忠心大义的形象，会有个圆满结局，民间之善得到飞仙是最起码的结局，白素贞确实因为太动情没法成仙就变成雷峰塔永远留在世间，许仙永远在扫。,1.0,积极
杀大腿,保密,四川,哭晕在床,0.3525507667677801,消极
阿德里星男模上将,保密,河南,@河南卫视 血书求豫剧版也出一个类似的电影[给心心],0.8974272695801441,积极
原来是恩静啊,保密,吉林,中国历史上第一部电影就是戏曲片《定军山》，戏曲是我们的古典文化，告诉每一个中国人我们的精神，我们的心灵，我们的所思所想，是从何而来，知来者，可往八方。,0.9999290604049417,积极
孤影寒江11,保密,湖南,不错，比起现在那些影视剧的演员拍的好太多了，建议那些导演多请点戏剧界的老师去多拍些古风，仙侠，武打动作戏，他们的身体动作，眼神，面部表情，对人物刻画都比较好,0.9999998323765261,积极
白日何短短日白,男,江苏,那个。。。什么时候拍梁祝。。。求你们了孩子真的很想看梁祝??,0.9969792585738938,积极
维维三岁了,保密,湖北,电影挺好的，唱的和武打都很漂亮，我只有一点疑问，结尾的时候小白决定留在人间，但是小青还是想继续修炼早日成仙，小白为什么要多问一句，把小青也留下，你对人间有留恋那你留着，为什么要把小青也留下，别说是因为姐妹情深，人的一生最多不过百年，对于妖来说也不是特别长，小白明明清楚修炼成仙才是她们的正道，她自己贪恋人间不想修了，所以把小青也拖下水？？？,0.9999967397096197,积极
畜生是江阳沽酒客,保密,四川,这拍的真好！比张谋财之流好多了！请加大力度！点赞点赞,0.34225901211813314,消极
黄昏七点半,保密,云南,哇，这画面和布景好美啊，滤镜也舒服，真的美,0.9916407710290093,积极
进可攻-退可受,保密,黑龙江,说实话，没有那么高深的文化底蕴，属实对这种的风格无法喜欢。,0.9415536048285535,积极
共和国的小黄花,保密,青海,太美了,0.7401846550314694,积极
我也没有六尺高,保密,广东,头发和衣服都好长,0.6366141966701178,积极
一刀郎一,男,重庆,三连回血！支持好作品,0.8180110707145821,积极
祺馡宣,保密,广东,即便是戏迷，很多对戏曲电影的印象还是停留在传统层面。还没形成稳定购买电影票的消费习惯。不像粤剧场次上映当天的买不到票。（之前三月底有这部的戏院上映两天，我当天去都买不到票）两天前我去看了倩女幽魂·爱的表演，全场人员爆满的程度。年轻人不少，还有很多家长带四五岁孩子去看。,0.999440522808616,积极
活力满满的钝口螈,保密,广东,太好看了呜呜呜呜,0.5355675416660792,积极
北禅星,保密,云南,55555555555555555555太有心了，进度条是伞,0.5441331584775216,积极
活力满满的钝口螈,保密,广东,我刚刚才知道有这个电影……,0.8277786590345793,积极
夜墨简水,保密,浙江,遗憾没在电影院看。,0.47848088123147525,消极
见东出,男,四川,[鼓掌],0.764705882352941,积极
打酱油的小阳,保密,四川,超赞！！,0.8363660602280544,积极
棒丶,保密,黑龙江,真抓人这电影,0.7992451665482576,积极
叔齐齐齐,保密,四川,妈呀！！好牛！！还没开始看已经被折服了，先收藏一波，待会儿在看，太牛了，希望这种类型的再多一点[点赞],0.9140065113047656,积极
___y---,保密,云南,期待下一个作品，打开了我新世界的大门,0.9688965122177639,积极
葛力葛力咖喱,保密,广东,在抖音看到的 画面很吸引,0.3409442502970821,消极
暗夜Official,男,广东,完美，就是最后关雷峰塔太突然了，刚答应一起了然后就自己说触犯了天条要被关。如果这段改成两人和解，然后法海过来说词接着关塔会更好一些。毕竟法海之前也说了请示佛祖，不会很突兀。,0.712926881224937,积极
夏夜听雨声,保密,陕西,之前在影院看过，戏 景 情 都超过预期，很棒,0.9938164959366392,积极
火星皇帝马始宗,保密,安徽,特效很华丽,0.8311588569126774,积极
愿扫平封建,保密,湖北,借大会员看完了，过了一把李存勖的瘾，谢谢，已经开始宠信伶官了,0.8954140381049788,积极
深海隐者,保密,江苏,法理与人情的完美诠释，人情动天，法理公正，可爱可叹,0.9996245745893899,积极
耶尓庫,男,河南,说实厉害(? ??_??)?,0.290703441257105,消极
法兰猪猪,保密,广东,20年来最好的电影。。。。。传播慢了,0.8913272514430556,积极
萌初音控-,保密,广东,清明节假期回忆一下,0.9592061096302275,积极
一个霸气的名字A,保密,广东,戏剧只有放下浮躁，耐心看下去才能感受到其中的韵味,0.9977940960529283,积极
梅叶寒尺素,女,江苏,我又跑来了，4月23号(周日)晚上，广东粤剧院在杭州余杭苕溪大剧院有现场版演出呐，本片主演都在的哦，想看现场的且有条件过去的小伙伴不要错过呀，买票进剧院看看吧，看现场真的更精彩[惊喜][惊喜](剧院舞台两旁有字幕，不用担心听不懂哦),0.9991546547246561,积极
那还是就叫小王吧,保密,新疆,《白蛇 传情》,0.9637236333675003,积极
本脉五毛一次,保密,河北,小破站牛啊！,0.3870738592270684,消极
曾院长请收我为徒,男,浙江,仔细看才注意到，白娘子伸开水袖时候许仙惊讶的表情。感觉是白素贞显出原型了。后边给有蛇吐信的声音。但是，他看到原形，还是担心滴叫了声娘子。,0.46258196271280305,消极
D33274D7C6,保密,重庆,75:37那段BGM是啥啊,0.80889836830075,积极
AkanaDaisy,保密,贵州,好听~[兔年],0.2883928661326973,消极
本尼脸长五条薄荷糖,保密,广东,今天在粤剧院看完才发现有电影…小敏老师演得太好了听不懂粤语也能共情以后有条件会多去看啊啊啊啊,0.989163882202107,积极
呆萌阔爱小苏涵,女,广东,好看不火系列[笑哭],0.8856537049214599,积极
秋水映残霞,男,浙江,"我的体感：妆容感觉怪异不适，如眼妆及其颜色；表情可能受妆容影响，感觉不够自然。
其他方面，声乐唱腔身段姿态等等很棒。
由于全程受妆容影响，所以综合体验不能说十分美妙。总体8.5分。

我觉得，这种电影还是线下看舞台版好。舞台版，看不清面容，而声乐唱腔听觉效果体验MAX，同时可以欣赏演员身体姿态。
我的评价，大银幕放大了一些细节，不似舞台可以忽略，如果可以的话，还是线下最优。可惜没有机会了。
如有异议，以你为准。",0.9999999994978461,积极
白衣琴師,女,广东,这电影太绝了，可以重新上映一次,0.7267466938294578,积极
HLWMXsnower,保密,湖南,突然想起让宫崎骏对动画产生兴趣的，是日本拿咱的白蛇传说做的动画长片《白蛇传》。,0.9994321447843165,积极
压一锄头,男,河北,哭死,0.49725092328909837,消极
哈哈娃nb,保密,上海,为啥现在才看到,0.030697126180256218,消极
贷款去上班,保密,浙江,虽然不懂粤剧，但是感觉不错啊,0.7606981407118028,积极
迷乱雪,男,广东,不知道是不是戏曲电影的局限性，分镜太过固定，法海白素贞斗法那段，特效神韵很不错，但是分镜太可惜了,0.9960564706352275,积极
东山食寒雨,保密,山东,"很好的电影，可惜宣传不到位，又是粤剧，看的人少了很多。
这电影是少见的人设，台词，演技，都很优秀的作品。",0.9999594021225874,积极
霸霸霸霸刀宋壹,男,浙江,救命，法海大师一开口说阿弥陀佛我总觉得是丢雷老母,0.9523115499584365,积极
一只乌蝇哥,保密,山东,太美了,0.7401846550314694,积极
可乐i开心,保密,湖北,千年等一回,0.6356191532712642,积极
百世经纶一页书a,保密,浙江,法海并没有错，白素贞嫁凡人他若不管，那若有男妖娶凡女怎么办？到时候，是满城满城的女性失踪了，此例不可开,0.9862862081868776,积极
文森塔儿,女,浙江,求稳定产出这类电影，太美丽了[打call][打call],0.959377045815775,积极
缺牙龍,男,浙江,听越剧长大的，听这个也完全不影响[doge],0.6959966183611327,积极
Law98,保密,浙江,在电影院看的 谁懂啊，身边都没人愿意一起去看[大哭]真的好美好震撼 巨喜欢水漫金山那个视效,0.9753556485547681,积极
倭奴无义,男,福建,《白蛇传·情》保留了戏曲中经典的唱腔、手势、台词等，也结合电影的表现形式进行了创新，为粤剧这一非物质文化遗产的现代传承做出了极具价值的尝试。《白蛇传·情》在画面上融入了宋代美学上所追求的简约、留白及气韵，保留了传统戏曲精髓，也注入了东方美学意境。,0.9999999999999281,积极
倭奴无义,男,福建,迎合时代是发展的必然，已经不是走那条路的问题了，多媒体数字化目前是唯一解，想要真正传承发展的话，无论这部评价观感是好是坏，敢于迈出这一步就已经非常难得了,0.9999865284475272,积极
天浮云华,保密,内蒙古,这里面的人物，不比小鲜肉好看强多了？,0.8179318662597056,积极
离弦の箭,男,山东,我靠 [脱单doge],0.3395173104042325,消极
专灭马来猪,保密,吉林,你们是不是忘了白蛇天生仙根受骊山老母点化，妥妥的准神仙，高干子弟，不为报恩嫁给穷小子何苦受罪，为啥仙童放他，普通妖怪你看吃不吃了她,0.7678437827268001,积极
淡然看天,保密,安徽,这部电影没去电影院看 血亏 希望之后国内戏曲界还能出这么优秀的电影 一定买票支持 要不然担心之后没有这么好的电影看了 现在的流量都是什么??东西,0.9987685864659633,积极
_落玉盘_,保密,广东,我已经在考虑买票然后下周坐两个半小时车程去粤剧院看戏剧版的《白蛇传·情》了,0.8922005485889892,积极
梅叶寒尺素,女,江苏,粤剧 白蛇传情 3.31和4.1在广东粤剧艺术中心的演出开票了，想看现场的小伙伴可以冲了[给心心],0.9249110641062868,积极
账号已注销,保密,湖南,又来啦！,0.5262327818078083,积极
诺诺诺诺诺诺诺喏,保密,湖北,好看,0.7112462006079026,积极
猫先生的小饼干,男,四川,我懂了！传承不仅仅只是传承，还要学会融合,0.999057459537997,积极
我爱你我很爱你朋友,保密,浙江,哈哈哈哈哈哈哈哈我终于等到上映的这一天了哈哈哈哈哈,0.9933296538409647,积极
桃与杨,保密,吉林,编剧好牛，没有反派。最后的雷峰塔居然是粉红花瓣变化的，佛祖的少女心啊！,0.9715726971536328,积极
Alice_07,女,广东,看完舞台剧再刷一遍电影真是觉得意犹未尽[打call]，那年太迟知道有这部电影了，想看的时候是镇上电影院最后一场，被团包场了，看不上，好在b站买了版权，才有机会愿我的粤剧梦[打call],0.9819625098722435,积极
小小青皮,保密,安徽,开头的划船哪里好像宏村啊！,0.6341625902266165,积极
富贵双皮奶,女,北京,想去电影院看，还有机会吗[委屈][委屈],0.9122000750055839,积极
咸鱼咸的咸,男,河南,为什么没有普通话版,0.6688011546131017,积极
吃花生不去皮,保密,广东,刀马旦好飒啊,0.6899385924982844,积极
clariones,保密,四川,画面太美了[支持][支持][支持],0.9085950890085228,积极
夢想的土貓,保密,河南,额为什么中国传统文化粤剧会出现枯山水呢[微笑],0.9988590856504043,积极
jiushiweilehuiyuan,保密,江苏,"好美！
感谢各位创作者～感谢小破站！
希望传统文化继续发扬光大[保卫萝卜_笔芯]",0.9856647646209449,积极
小宋song的songs,女,浙江,前段时间看了沈园之夜，本来担心听不懂的，但是舞台布景上面有滚动字幕，也是第一次听戏，没有见识，不知道是不是剧院现在都有滚动字幕了。如果有的话以后就可以放心买票去听戏了，不然听不懂总觉得辜负了艺术家们,0.9971407481053949,积极
哦伊利亚,男,新疆,[热词系列_优雅],0.981192823935795,积极
QWQbcaa,保密,江西,好耶！谢谢,0.5710537173325678,积极
曾院长请收我为徒,男,江苏,跪求重映,0.4737672181921908,消极
利安七梯,男,广东,又来刷一遍~曲儿真好听 ~,0.8501249798069813,积极
恰同學少年意氣風發,保密,广东,要不今年院线再上映一波，我都没去看到,0.1691865025547905,消极
哭哭啼啼的魁,保密,江苏,好家伙戏剧的表演不错啊，最开心没耐心看越看越入味[吃瓜],0.9976610418438792,积极
我是指我是鸽子,保密,广西,太好看了，当时就去电影院支持了，造景打戏太用心了,0.8819921501316836,积极
黑炭不是黑煤炭,女,湖南,我怎么觉得这个法海就像看到学霸为了谈恋爱放弃去清华北大的教导主任，想想还真的有点痛心呢,0.9998985053233246,积极
口口YO,保密,湖北,为啥投屏电视只能看360p，720p是黑屏？,0.014699074772899778,消极
十点端,保密,河北,现在就是非常，非常的后悔，疫情没敢去电影院[保卫萝卜_哭哭]这个效果要是大荧屏多好啊,0.09345624046195655,消极
夏侯廿,男,浙江,厉害,0.35964912280701733,消极
云逐_,男,江西,当时跟同学一块儿去的，唯一一个能看的地方就是长春电影博物馆的电影院，进去以后我都惊呆了跟剧院一样，整场体验都特别好，可惜包括我俩一块儿只有不超过五个人[委屈],0.9988571817379389,积极
图坤,保密,湖北,黑神话·白蛇[脱单doge],0.9558887894953179,积极
可以的你,保密,浙江,还是挺好看的，很有美感。,0.9287158997560193,积极
不知道娶什么昵称好,保密,湖北,法海这个角度是合理的，先是劝白蛇回去，也给了选择的机会和时间，被彻底拒绝再谈收服。事业粉的角度，合理的。,0.9811537433974243,积极
叫嗮所有人落操场,女,广东,开口跪啊曾院长[保卫萝卜_哭哭],0.9218986112461626,积极
晨星下的拉斯特,男,山西,问一下，我现在想看3D大屏的《情》，但是本地一直没有排片，咋办,0.7053442730785653,积极
二次元中二少女,女,广东,来重温了,0.9285714285714286,积极
Gululuk_,女,云南,当时去的电影院看的，全场只有俺一个人，看得好爽，真的很好看！！！[V我_你是我的宝],0.9095887898284043,积极
那爱情丶苍白无力,男,山东,大爱大爱大爱大爱大爱[小熊奶黄包_妙啊],0.9996289911055862,积极
墨关本关,保密,湖南,反观今年新春某档，不知钱花在了哪里？,0.09001611547944666,消极
别瞎改名称了改名要币,保密,河北,喜欢,0.6994590939824207,积极
掬艳,保密,四川,小时候听不懂戏曲，咿咿呀呀得觉得无聊，不懂为什么爷爷奶奶就喜欢看11台，现在明白了，比起现在的读台词的电视剧，戏曲真的好听，就算有些语言听不懂，却不影响听懂其中的情,0.9731364039730328,积极
爱上一个唔钟意你的人,男,河北,这一部白蛇传情拍的非常的好，曾小敏这部电影观看人数提高，真的太好了。太经典就是水漫金山寺那一段打得我非常好看，非常过瘾。到最后感动差一点哭出来。演技太棒了，希望再多出一点这样的电影！,0.9999997518862929,积极
账号已注销,保密,江苏,一切皆因缘而起,0.6429335818357289,积极
ivyuuuu,保密,未知,球球 有英文字幕完整版吗，只找到一个主题曲有双语字幕,0.09078392316155137,消极
曾院长请收我为徒,男,江苏,为啥不重影。imax,0.3056296766115485,消极
这个昵称好鸭,女,湖北,emm。,0.5,中性
袁烨纪事书札,保密,吉林,舞台剧，粤剧，原来如此。,0.4737672181921908,消极
小金dobby,保密,浙江,特效抱渲染大腿,0.7334334369777582,积极
这个昵称好鸭,女,湖北,那不是多想。,0.3863503702983516,消极
啤大胖,保密,湖北,自己在广东生活了六年，一直比较喜欢粤语的东西，看tvb的剧和香港电影都比较喜欢粤语原版。在b站是二刷这个电影了，一刷是在电影院看的，老早就看到这个电影的消息，没想到上映后，长沙的电影院居然都有排期，场次还可以，至少比今年春节档的深海排得要多（不得不夸一下长沙的各个院线），叫了一个在长沙工作的广州朋友一起去看。粤剧唱段就不说了，顶呱呱。没想到这个片子的特效也很赞，本以为不会把精力放在特效上，没想到很好~~,0.9999606865515512,积极
乱入の奈须,女,广东,为什么会有jiejie新版本蛇女打野的弹幕[大笑][大笑][大笑][大笑]笑发财了,0.9955026072168499,积极
twzd70,保密,河南,终于不要钱了,0.2236211469063476,消极
艾岚のあい,男,内蒙古,泪目了,0.7500624229391235,积极
橙C美式冰,男,浙江,白蛇如果提前告知许仙自己是蛇妖，也不会吓死许仙，更不用去盗仙草，法海也不能利用许仙的猜疑和动摇劝动他皈依佛门了，其实一开始就是白蛇骗婚导致这些乱七八糟的。[辣眼睛],0.9999654366256052,积极
侠情,保密,湖北,白蛇传都出来，干脆把四大民间传统故事全出了。整个系列,0.9795834702430487,积极
侠情,保密,湖北,看完后，不得不说句，这里面的一些东西，超越了大多数国内的电影，电视剧以及动漫。这才叫艺术，甚至比肩名著。,0.9986270359713133,积极
-保持开心,男,云南,大哥没什么文化，但是觉得好美,0.752854906432591,积极
梦幻豪歌,男,河南,好看[点赞],0.9453168692657209,积极
东山奈央男友,保密,北京,yyds   每天一遍[星星眼][星星眼],0.749332192244031,积极
友琴gorgeous,保密,江西,很庆幸当时拉着朋友去电影院看了这部电影，两个人当时就被震撼到了[热词表情_世萌双冠],0.9998453377255243,积极
辉爱刺刺,男,上海,太好看了[大哭][大哭]真希望结尾白素贞能被放出来一家团圆了啊,0.9922337980807281,积极
谁不曾心怀侠梦,男,广东,讲真的，我一广东人都是听了原神粤语版的《神女劈观》才知道的曾院长，然后关注才知道的《白蛇传·情》这么好的作品当初我要知道肯定去电影院捧场，不至于到2023年才发现。,0.9996319700797478,积极
春秋五霸小白,保密,四川,超好看，我是看了戏剧台的2023戏剧春晚来的，如果没看过戏剧的可以先去听听小敏姐的宣传曲再来看。不熟悉戏剧，作为电影来看，特效和服饰剧情都超好，超了太多不知所谓的电影了，我个人不常看电影，上次完整看电影还是郭敬明的那个《晴雅集》，比起来剧情画面都差远了,0.999999998966751,积极
少玩手机多看戏,保密,浙江,看了N遍，真好哇，谢谢曾院和团队带我了解和喜欢上粤剧，也开始重新关注和了解自己的家乡戏曲秦腔。[2023][打call][给心心],0.9973127461523565,积极
鱼鱼鱼yu鱼鱼鱼,女,北京,@拂过时光的风,0.9800201068926224,积极
zlitxy,保密,广东,美轮美奂，可惜疫情耽误了太多的美……,0.6519324823399947,积极
聆歆墨,保密,江西,太美了啊啊啊啊啊啊啊！！！从没觉得会员这么值过！！！,0.4274498371525246,消极
漱霜,保密,上海,舞美和音乐太美了，光听音乐都能感受到那种爱情的甜蜜和哀伤。,0.9999903087353346,积极
萨里傻气,保密,未知,真的非常不错的电影,0.9585272953149637,积极
无山上-看水流,男,四川,法海这个做法其实也对，人妖不同属，有别于伦。在道教虽然灵宝天尊有好生之德，豁达通融于异类入教修行，但也有严苛教义，不让人妖通婚。,0.9600614402759691,积极
苏苏不想改昵称,保密,新疆,[鼓掌][鼓掌][鼓掌]好棒！慕名而来！,0.8888572287012355,积极
laosantama,保密,湖南,为什么不能花个六元买呀。不想开会员,0.024962849789014196,消极
黄埔飘猪,男,上海,就靠你开局一段词，就能打八分,0.4986968256067972,消极
熟男骚包,保密,内蒙古,看完这个我才知道，我多少对雅有点过敏[思考],0.9608243936112045,积极
师弟哈哈哈,男,陕西,来还愿，下午求白蛇娘娘保佑脱单，结果真成了，谢谢娘娘！,0.6903317517076445,积极
再来一吨香菜,女,广东,好看！,0.7112462006079026,积极
泉海听雨辞,保密,湖北,就为了看这部电影，冲了个会员[笑哭],0.957229275424992,积极
都被用过了,女,北京,太可惜了，没去电影院看，错过了好片子,0.8592846513803972,积极
喜德最可爱,保密,湖北,我去！好不容易逮住电商活动机会为了这部戏开了一年的大会员，准备来好好欣赏学习国粹的。结果，弹幕硬是把这部戏搞成了喜剧风格。喷水喷饭无数次了！还能不能好好看戏了[喜极而泣],0.1712321202902204,消极
YEMANN,保密,广东,老祖宗们的审美一直在线,0.42379372354437206,消极
豆宝儿666,保密,江苏,特意穿汉服去电影院看的，很好看，现在再来看一遍,0.839670461943869,积极
混世小神仙,保密,广东,少年不解其中意，老大方知相爱难。,0.9394346744759864,积极
此夜藏锋,保密,四川,你我再见,0.6875000000000002,积极
遊佐ヒカリです,保密,广东,[保卫萝卜_笔芯]优秀传统文化摩多摩多！,0.9853351077317775,积极
一只咩咩秧,女,广东,今天和家人投屏看完，视觉盛宴！！！！！,0.8797234180988724,积极
石榴生姜,女,河南,如果一开始上门要人的时候，法海就把许仙给那俩蛇交出去的话，是不是金山寺就不会被水给淹了？（小白被封进塔里的时间刚好，刚生完孩子不用想着怎么喂奶了。对修炼千年的妖来说，相当于是在塔里坐了个月子。）,0.9938461292438344,积极
栗子娇娇,女,广东,雅,0.9090909090909091,积极
咚德恰卡a,男,山东,法海你不懂爱...,0.9236014490645892,积极
命运与轮,男,广东,[给心心][给心心][给心心][给心心][吃瓜][吃瓜][吃瓜],0.9582783602823742,积极
大六一,男,四川,不信佛陀，亦知未有来生。人间最美是情真，不枉这仅此一瞥。,0.9921773002577322,积极
大圆畅聊,男,北京,没去影院看真的太遗憾了,0.36582232695782646,消极
我是那样的帅气,保密,福建,好看！！！,0.36575417640255636,消极
htlyjy,女,北京,谯国夫人已经杀青了，不知道今年暑假能不能看到，非常期待[tv_馋][tv_抓狂],0.37623448580487473,消极
史矛革的亲人,保密,上海,里面的服饰实在太古典优雅了,0.9881408123157864,积极
李洛李洛洛,男,湖南,真的太好看了,0.5417790244627899,积极
井未迟,男,广东,好看的,0.7112462006079026,积极
星之浪迹,保密,福建,歌舞剧我觉得更符合现代需求,0.9941363859395972,积极
夏大暴宇,保密,广东,我恨，当初没到电影院看,0.7348059218626214,积极
取名不能七个字,男,江苏,"刚开始，可能看不下去，但是越往后越好看
建议还是关弹幕，净心欣赏",0.9838641987817379,积极
日照西桥-,保密,山东,将人物体现的太好了,0.7686014236794819,积极
何得聞天語,男,四川,这多久出的,0.322188021971051,消极
花间慈,保密,江西,终于找到了 开心,0.8200357310376771,积极
别被牵着鼻子走啦,男,江苏,当年上映排片是真的少，我找了好几家才找到一场排片，但是真的不辜负我蹲了这么久，非常非常好看[星星眼][星星眼][星星眼]回味无穷，没想到b站买了独播我才发现,0.858572101471842,积极
帅熊猫_,男,安徽,在广州上学时一个人去电影院看了两遍，第二场只有我一个人，回来后剧场版又刷了不知道多少遍，今天再看，真好啊,0.8001380539419529,积极
周翛,男,陕西,太好看了,0.5375152786177115,积极
免贵-姓吴,男,江苏,五天内看了二遍，依然是意犹未尽，每一帧、每一个场景、每一段声音设计、舞美设计赞不绝口，还是会感动，真希望能出个收藏版和原生大碟！,0.9999352022876384,积极
沫华之年,男,河南,宣传片看的时候怪牛的，为啥看正片的时候是这个样子？,0.027442285695391755,消极
李洛李洛洛,男,湖南,好好看,0.6280659780296179,积极
神聖仙尊絕對零度,男,重庆,你这一辈子有没有认真爱过这个宇宙世界？[生气],0.9965396980749682,积极
神聖仙尊絕對零度,男,重庆,"盘古之谜
舟-地球-诺亚方舟-亚特兰蒂斯太空战舰
皿-宇宙-天地玄黄-基本规律太玄经法则
十-方位-四面八方-上上下下左左右右界
口-通道-口口相传-唯有真心动人情得见",0.9999745902438163,积极
不动明不动了,女,湖北,没有法海也就没有水漫金山。缘起千年前许仙在金鹏座下救下白素贞，缘灭白素贞为救许仙上金山寺。法海所说的白素贞终将为祸人间，其实没有他的渡许仙出家白素贞也不可能水漫金山，前世的法海是金鹏，金鹏捕蛇，所以我觉得他们的因果是必然的，许仙一直被人诟病懦弱无能，但是在这里的许仙我觉得是最有人情味的，他会为了新生儿庆祝，就像寻常人家给娘子买好吃的，觉得人若无情亦妖。过分的丑化和极端也是不可取的，他的纠结也是所有人都有的，究竟是情重还是苍生重。同样的问题在仙童这里也被白素贞的“黄泉路上团圆”所打动。白素贞敢爱敢恨，又有着一些自带的凄冷感。白蛇传也算是一种be美学了，还多了一些因果轮回论。当然后来文曲星救母也是一段佳话。这样的艺术形式，典型的中式之美。,0.9999999999996179,积极
一粒尖尖米,女,浙江,去电影院看过，现场也追过，两种表现方式不同，但真的都很棒！！！,0.8559875347271384,积极
yoyuki,女,上海,真好听！,0.33715818128822317,消极
点火樱桃丶,保密,江苏,[邓峰萌萌_surprise][邓峰萌萌_surprise][邓峰萌萌_surprise],0.9982758140680742,积极
红豆胖狐狸,男,广东,睡不早，又来听曲了[藏狐],0.7592367305868213,积极
枫叶妃子,女,江苏,哎，坐标十八线小县城，根本没有排片[大哭]。本来海报都出来了，很期待的说，结果疫情，根本没有排这个片,0.8582526146668095,积极
chatless,保密,浙江,全程看到结束字幕最后一秒，不然无法表达我对珠影以及所有台前幕后为此片作出贡献的人们的敬意。什么叫文化输出，什么叫文化传承，什么叫文化创新，这就是。,0.9991810262426296,积极
君惜劉,保密,广东,白蛇，青蛇本是妖修却入凡世，扰乱了凡间正常的规则，这本身就是错的,0.9997478844601387,积极
今天开始变聪明,保密,天津,这片没啥意见，唯独变成蛇把许仙吓死那段，那蛇也太小了吧[笑哭][笑哭],0.9850933907850763,积极
洛樱妄尘,女,江西,"圆了白蛇的故事，画面出奇的美，服装也非常漂亮有地域特色，粤语戏曲有吸引人的魅力，此情，有夫妻缠绵之甜，有喝雄黄的勇敢，有救夫的迫切，有一路念妻的不舍，有水漫金山的壮举，有对天发誓的承诺，有千百年雷峰塔下的等待。太美了
早些时候，我在天天刀手游里看到过一样款式的服装［醉相思］，那件时装也是伴有粤语戏曲，可惜他这戏曲我并没有品到什么，而在这部电影中，特别是许仙发誓之后到结束那段戏曲，唱得直感动人心，不知是情还是戏曲的魅力[给心心]",0.9999999999999956,积极
居子ouo,保密,广西,好美，情意绵绵啊这唱腔[小A和小B_撒花],0.992869070015104,积极
双鱼刺青,保密,四川,非常精彩优秀的电影，在影院没落的今天，这部戏值得我专门跑一趟影院，即是我对她所能做到的最高评价，万分期待还能看到续集,0.9999811745401413,积极
朝三暮四哥哥,保密,上海,每一帧都美的不像话，唱腔特效音乐都无可挑剔，多出这样的电影多好啊,0.6753676095114469,积极
派木N,保密,山东,希望可以补票，重新上映[大哭],0.6967023087799362,积极
布响丸辣PLP,男,广西,[喜欢][喜欢][喜欢],0.8922622505867854,积极
如晦RH,保密,山东,好看，今年居然才发现[笑哭],0.5158076809570195,积极
玛维面具,保密,重庆,传统艺术真是太惊艳啦！,0.9859532688043922,积极
好运来-来来来来来来,女,浙江,虽然很少看这种戏曲，但是真的很有感染力，好几次泪奔，除此之外我觉得白素贞的水袖真的很美,0.9931769525809209,积极
小-地主,保密,北京,"让人瞠目结舌的好看 
电视投屏观看更是惊人！
震撼国风！每一帧都是摄影教材！",0.9966418691075007,积极
霏霏兔子,保密,四川,传统的美，永不过时，百看不厌，对不起欠你一张电影票。,0.7478894886681278,积极
刀刀胶片摄影,保密,广东,感觉欠了剧组一张电影票,0.21562781178902513,消极
茶熏花尽,保密,安徽,哇，在影院多好！,0.7743486146689116,积极
mur的另一边,男,上海,有种舞台剧官摄的感觉,0.685213982904969,积极
谅思final,女,浙江,我05后学越剧的[微笑]看了这部电影我认为这是所有戏曲曲种里面最有创新宣扬戏曲文化的方式，所谓的创新不是那种瞎搞什么电音版戏曲唱段，也不是弄些花里胡哨的贴图或者一天到晚只是嘴里说说要传承戏曲艺术。应该是用这种男女老少皆宜且不花里胡哨的方式宣传戏曲文化，让更多年轻人喜欢戏曲。,0.9999998235116455,积极
猫猫e姐,女,北京,太好看了，感动到哭，人物也都立得住，太喜欢了，,0.9779137931846692,积极
我的画像是怎样的,保密,河南,太美了！,0.7401846550314694,积极
听雪半悠然,男,北京,有点理解法海了，白素贞是那种可以为了许仙，倾尽一切，在所不惜的。这对凡人一点都不好,0.9971361002092611,积极
佳伊H,女,山东,当初上映前就想去电影院支持一下的，但疫情开始后好像就去年年初去过电影院[音律联觉_哭哭],0.9601661319726313,积极
弦上莺声,保密,未知,#白蛇传·情#太美了，打戏美身段美唱腔美布景美特效美,0.9975724137950136,积极
米饼_CHEN,女,河南,无论看几遍都最爱这里的小青，可能是取舍的原因，这里的小青就是个护姐狂魔。姐姐想要家，就打直球。姐姐被欺负，那一巴掌打到了我的心坎。全剧的笑点都是小青给的。这里的许仙也是爱白素贞的，我爆哭啊！看几遍都爆哭。,0.9964701342763504,积极
弦上莺声,保密,四川,太美了,0.7401846550314694,积极
Bodh-PP,保密,江苏,有个疑问有孩子了还要给老婆喝酒吗？,0.7801760283165504,积极
我来做个实验,保密,浙江,当初这电影上线的时候我这边影院根本没有这部就离谱，其他的就算有排片低的离谱，不知道制作费回本了没，刚上b站的时候要花钱看，算是补电影票了[兰音_兔脑过载],0.2905900119663515,消极
大虾1号,保密,江苏,这特效，这演员表情动作和身段，真特么美极了,0.9921213193181728,积极
网恋被骗两块七角五分,保密,广东,这特效可以喔,0.20133148735782214,消极
革心新,保密,河北,这他妈不投币我还等什么呢,0.20793032380817145,消极
聆听童话的人,保密,贵州,这个取景太美了吧！,0.8947754388042185,积极
聆听童话的人,保密,贵州,这才叫文化传播，加油！,0.9837081120554548,积极
秋ならではの愛,男,河北,看不下去,0.42895162086768057,消极
lm秋月残,保密,上海,什么是好电影，这就是好电影。我从来没有看过粤剧，也不懂粤语，但是能够完全和电影中的角色共情，并且对粤剧产生了强烈的兴趣。真的是非常优秀的电影，期待更多类似的作品！,0.9999971708589661,积极
只看蛋饺耶耶耶,保密,陕西,好看，最近开始关注传统戏曲，看了几出京剧，看到李胜素和张火丁的白蛇传之后顺路过来看一眼粤剧版，舞台版也看了，真的很好看啊。果然我们国家的传统文化艺术就是，不关注则已，一关注必然会喜欢的,0.9999999771724467,积极
砺尘_啾啾,男,山东,"千百年前，是该有一场漫过金山的大水，青锋振荡，袈裟撑墙，佛仗敲地震漾开的铃响，传不到跪伏阵中的许仙耳旁。
　　谁在凄凄切切，说：“经五百年的风，受五百年的雨，都为与你人间相遇，许一缕情丝。”
　　这一缕情丝，也无非是西子湖畔的漾舟，喧闹庙会的执手，春仰看燕夏嗅藕，秋茗茶香冬暖鬓。
　　佛灯不歇，燃起又熄灭，断壁残垣之上正落着一场悲情的苦雪。
　　原来这世间一切的情啊爱啊，都抵不过昏暗长夜中，合掌默诵的一声佛号。
       [大哭][大哭]",0.9999999999976203,积极
念头_通_达_,男,重庆,从前关注多的是京剧，现在已经知道粤剧，淮剧，越剧了[doge]抽空就会B站听戏,0.9995946658181271,积极
寻觅没结果,男,四川,看我发现了什么宝藏,0.9348542867608837,积极
账号已注销,保密,广西,之前这部片子挣钱了没有呀，真担心制作方没钱做下一部,0.6084818838905297,积极
多崎DUOQI,男,重庆,这样的电影需要让更多的人看到[给心心],0.9515032240104326,积极
不计程,保密,上海,盗仙草战仙童那里谁说的白师傅切他中路，站出来，笑死我了，刚刚被白蛇唱哭泪还没擦干呢,0.5161614120236917,积极
西九金,男,广东,太无聊了 欣赏不来,0.16934221434121344,消极
空手破核桃,保密,四川,上映的时候我专门跑了十多公里去电影院看的。,0.4613737801789327,消极
好肥的花,保密,湖南,我竟然看粤曲看得感动了，但很喜欢这种感觉。,0.9221441866828267,积极
光头恶霸的九命猫,男,广东,希望，以后能看到更多如此精彩的粤语电影,0.929415023678411,积极
bili_98744643,保密,浙江,可 以可以，相当不错,0.8612132352941176,积极
出逃泡芙,保密,山东,太美了太美了，从开头到结尾一秒钟都不能错过,0.9967905429241923,积极
一定要朝气蓬勃呀,保密,湖南,逻辑合理，意境优美，除了开头一些场景好像有点塑料的感觉，后面越看越好看[爱心],0.9997804464549875,积极
弥彡,保密,上海,小青好可爱啊,0.8673424330379874,积极
海珠废人之五湖散人,男,广东,之前6块钱买了，只看了开头一点点，现在免费了，重头看一遍。,0.6574569604401513,积极
糕手就是糕手,保密,江苏,啥时候能重映呀？想捧场都没地方[大哭][大哭],0.8454946827942791,积极
有没有可能的黑猫,保密,未知,[大哭]是在拍的太美了，特效也是顶级#白蛇传·情#,0.9588498295956596,积极
毛绒绒的小可爱-仓鼠,保密,河北,希望以后戏剧可以照着这个方向卷下去[给心心],0.9751030917768907,积极
秋ならではの愛,男,河北,唱戏电影,0.7854638362010813,积极
Camenna,保密,广东,沉香:仕林我借你斧子[阴险],0.15042710940199921,消极
雇佣兵先生,男,黑龙江,妈的，当时学校封校，没在电影院看到真特么可惜[保卫萝卜_哭哭],0.8978229066958173,积极
在哪晒太阳呢,女,山西,牛,0.625,积极
麻袋里有麻友,男,江苏,这才是高雅戏剧艺术,0.9837064481813658,积极
胖猫尾,保密,安徽,喜欢看戏曲的应该喜欢，这种调调，恕我无法接受,0.3620285327126014,消极
青莲御风,男,四川,许仙一时的反应本身就十分正常，换位思考到许仙一个普通肉体凡胎的人知道自己枕边人是千年蛇灵(妖)，谁都会恐惧并本能的避开，这是人之常情。但许仙在短暂挣扎看到白素贞为了救自己不顾身孕和性命去闯法阵之后，毅然抛弃世俗和三界法则誓要与白团聚，这是要莫大勇气决心的。另外许仙并非承诺只守白百年，而是准备几生几世千年轮回都要来陪伴其娘子，这更非常人能做到可见其对娘子感情之深决心之坚，所以剧中所有人皆有情，许白之超越种族的恋情更是做到了感天动地，情字展现的淋漓精致正是这部剧情节极为出众的地方。,1.0,积极
屾山屾,保密,广东,[大哭][大哭][大哭][大哭][大哭]错过电影了！！！,0.9924773662811746,积极
兆献,女,河南,虽然但是，真的不太理解白蛇看上了许仙哪儿？[天官赐福花怜生日快乐_若鼬所思],0.9877159546463887,积极
日落了但无人写诗,保密,陕西,我刚搜了一下：《白蛇传·情》的特效镜头占据了全片的90%以上，由澳大利亚、新西兰、中国深圳三地组成视觉效果团队共同制作，其中新西兰特效团队正是打造过《指环王》和《阿凡达》的全球顶级特效团队维塔工作室。用心和糊弄真的区别很大。不知道90%以上的顶级特效需要耗费多少金钱和精力。再联合影院的阴间排片，实在是有点担心入不敷出，甚至亏本量巨大。??,0.9999202885498587,积极
甲鱼不是鱼呀,保密,浙江,一部电影证明了很多事。中国有好演员，中国有好音乐，中国有好特效，中国有好审美，中国有好文化。,0.9999945173924928,积极
种猫得兔,女,安徽,来了来了~啊啊啊啊~,0.9733150311039347,积极
yoyoQiu2233,保密,北京,电影局总算是干了点好事,0.04884724408200669,消极
墨尔希思,保密,湖北,真美！值得一看！,0.955759339606144,积极
鬼畜谐星,保密,山东,没有什么文化，就一句话，牛逼啊！,0.7997290923656137,积极
京极星玄,保密,湖北,我有个疑问，我是看比站拜年祭知道这个片子的，当时是有个曲目，然后在桥上的，电影看完了，我都没看到，难道我看漏了？？[脸红],0.3386176956163063,消极
唯有沉默king,男,广东,好感人。,0.9709793681024435,积极
feiziyouren,保密,湖北,我想说9.9那0.1去哪了[奥比岛_委屈],0.9001649698224669,积极
罗伊德的轨迹,男,广东,太好看了，不愧是国粹啊[打call],0.976961577800565,积极
梦什么芝,保密,广东,老祖宗留下的都是好的，但是需要传承和创新，不求变则退，变需不失风味，重点:变而不失风味,0.9999992325148304,积极
唔唔唔n,保密,福建,感觉这个也算正常吧，许仙刚开始只是个普通人，知道老婆是个妖肯定会怕，况且叫我感觉我感觉人与妖本来就不该在一起，就寿命上的差距就能感觉出来，其他版本的不知道，但是这个版本来许仙说了，白素贞进塔会陪伴她陪百年，我感觉已经算很好了,0.999998143573434,积极
tttakeai,保密,山西,wjf是个二狗子,0.43538166282612956,消极
妲己爱窜西,男,广东,如果是深度戏曲爱好者可以去剧院里看舞台版啦，这毕竟是电影来着，满足大众需求，让没看过戏曲的人也能接受，大家也可以尝试看看其他戏曲电影啊，粤剧帝女花有好几版电影呢，也很好看，慢慢听下去就能感受到戏曲的韵味啦,0.999998462626973,积极
戈壁的阿春,保密,重庆,不错的[脱单doge],0.7417204506079449,积极
白日妄想大师,女,云南,挺好看的,0.8618851078643004,积极
Ravenclaw畑鹿惊同学,保密,山东,什么时候能再上映就好了，之前上映这些电影院都不排片，我提前买好的通用票也浪费了,0.007094244078792333,消极
云逸啊啊啊,保密,江苏,我去，我以为是动漫，没想到在唱歌,0.27208700057934687,消极
我们没那么熟,女,陕西,还记得一刷的时候旁边的大哥一直边看边唱，结果二刷的时候我也是边看边唱,0.9791896312982069,积极
豹怒丶,保密,江苏,污浊的内心受到了洗涤，可能这就是纯粹的美的力量吧,0.9259052688589389,积极
爱吃酸萝卜鱼的弦,保密,重庆,"真的很好一部电影
美死我算了",0.986846870567885,积极
熊猫大导师,女,四川,很舒服,0.80854487752276,积极
一直走到黑夜破晓,男,广东,名副其实的白蛇传情，里面所有人都有情有义,0.8136362072638902,积极
PuppyInTheMoon,保密,广东,今天看了现场，再来二刷一下电影版[星星眼],0.14311395878497313,消极
左耳五行缺糖,男,广东,这个电影告诉我们:不要劝酒[辣眼睛],0.767195584728046,积极
矜矜乂乂,保密,湖南,绝绝子好看啊！,0.7607420977524224,积极
骑孔融的小梨子,保密,山东,老子欠你一张电影票你记住！,0.44215805971151834,消极
試說新语,男,湖北,白素贞是好的，许仙却是个不堪托付的。,0.49438237229576765,消极
鸭架丫霸,保密,福建,女主角太媚，男主角像吴启华…,0.9877923078943045,积极
一直走到黑夜破晓,男,广东,看了好多遍，我觉得最亮眼的还是白蛇的妆容，太美了，当然所有人的穿扮都很用心,0.9997586115498085,积极
未来的脚步2020,保密,湖南,"这剧里，法海虽然偏执，但是出发点是好的。
不想白素贞千年道行，最后被天谴",0.9577657536520039,积极
未来的脚步2020,保密,湖南,"白蛇传的天条，看来是个自动天罚机制。
佛祖替白素贞挡了一下，才没有灰飞烟灭，不过要在塔里关一千年。",0.027548252090620395,消极
未来的脚步2020,保密,湖南,"白素贞不是有观音菩萨背书吗？
跟法海说一声不就行了[doge]",0.14424228479452494,消极
忘尘无悔,保密,浙江,这才是真正的国粹！,0.36307642375972804,消极
阿里梅西呦西,保密,广东,粤剧万岁,0.4737672181921908,消极
翛然荏苒,保密,山东,这个法海是真大师,0.9292169886970209,积极
老草嫩吃,保密,河南,饮酒伤身啊,0.7297953905324696,积极
月满满lo,女,湖北,能不能开放一阵子的免会员[tv_大哭]让她传播更广一些吧！！美死了！,0.8217944178116452,积极
鸣蜩青道,男,江西,开头第一曲我就听了不知道多少遍，太好听了吧[给心心],0.7993146534366773,积极
是否清醒,保密,山东,这是唯一一部让我被迫当了等等党，然后后悔莫及现在想只想知道怎么能花点钱支持一下主创的电影。,0.9142170616928558,积极
迟墨_酥糖,女,北京,太美了，全方位盛宴，什么时候再排片啊,0.8728542134873879,积极
哔哩的开始,保密,广东,我还想去电影院看，这部粤剧戏曲电影太棒了，好喜欢，强烈要求电影院再次拍片[脱单doge][打call][打call][打call],0.9776757210849739,积极
咸口葡萄干吐司,保密,湖北,独在异乡听到了粤语，倍感思乡,0.9390193631062467,积极
它没有昵称,保密,福建,感谢字幕让我发现我度数又高了,0.48567216970549565,消极
账号已注销,保密,北京,"我虽然是北京人，也不怎么听戏，但这戏剧电影我算是彻底看进去了
这法海也太讲道理了，人性啊人性。",0.9997001066737105,积极
蓝天白牙,保密,广东,看哭了几次，原因太多，百感交集，第一故事感人，第2演员的演技和情绪到位，第3，因为传统文化的美而感动震撼,0.999998437338863,积极
梦中的小小,保密,山东,好看，好看，大大推荐,0.8943691573682852,积极
谁能说我帅,保密,广东,可惜了，很多不懂粤语的朋友给低了分数，这部电影值得满分,0.9889025762478602,积极
鲸鱼游过星空,保密,福建,美仑美奂,0.4737672181921908,消极
yecnya,保密,贵州,怎么缓存呀大家,0.568762983760718,积极
ledale,保密,湖北,太好看了吧[大哭][大哭][大哭]看哭了,0.9651472781008201,积极
蚯蚓QiuYin,保密,吉林,真的好好看[Cat2_Nyampage],0.8433354554570298,积极
执笔的蛇,男,广东,之前搜不到以为被下架了[大哭][大哭],0.3979757380870875,消极
翦法平,男,安徽,无法用言语表达我的感受[支持][支持][支持][支持],0.9241790397467772,积极
万事何求全,保密,河北,我今天刚看到这部,0.6333686404053956,积极
天空笑笑,保密,河南,就不大明白吧[奥比岛_击爪],0.9249338900648942,积极
李洛李洛洛,男,湖南,踏乃乃???，怎么这么美,0.7249071184900381,积极
Malloy,保密,陕西,当时也没想到 这么偏僻的西北小城竟然有排片 大银幕还是很爽的[抠鼻],0.3629577439498909,消极
喵神二,男,广东,电影中的一股清流，小青太酷啦！,0.7266185995393576,积极
明月照大江OvO,保密,山东,曲美词美意境美人美景美故事美,0.9999506938618329,积极
王誠明,男,广东,总体不错，老故事没拍出新意，形到位了，意似乎还不够深入，对于情对于缘的表达有点浅了，但是艺术性够了，个人觉得不如缘起劫起两部,0.9994752177172652,积极
走在乡间小路上的种猪,保密,山东,这个电影发行方怎么搞的，好好宣传宣传不行吗？[doge][doge][doge],0.015566288204909462,消极
红发青鸟,保密,北京,"当时看评价不错就想去看，可惜附近电影院压根没排片[笑哭]
不过这边角色都很好，有血有肉，有自己的理由
白蛇为情奋不顾身，但隐瞒身份吓死许仙是她自己的问题
许仙虽然犹豫过，但他是最开始受蒙骗那个，情有可原
法海也不是一味狠心，劝诫为主，并且我觉得他的话有道理的，这是情劫，放不下就成不了正果，而且你不能又有妖的修行长命，又想要人的男女之情吧",0.999999996754275,积极
_七北,女,浙江,人物都塑造的很好！太喜欢了,0.9114275011041092,积极
黑糖麻糬兔兔,保密,江苏,什么时候能在电视上放呀，好想和家人不去电影院在家里就能看,0.3261507212165653,消极
漫漫不man,保密,北京,进度条好好看[保卫萝卜_笔芯],0.4321762222311726,消极
愚忠份子,保密,北京,真不赖，好几十年没好影片出现了,0.8397010105177084,积极
账号已注销,保密,广东,一年多了，还是很喜欢！,0.8521097078666479,积极
CVR33,保密,广东,什么时候影院再上映，我要去看[大哭][大哭][大哭],0.9229411652242409,积极
儚dreammu,保密,内蒙古,结婚的头饰和衣服都好好看,0.8682123205425407,积极
WinsonCYH,保密,广东,必须大火！！,0.11761720849022994,消极
leslieyin,保密,广东,"已经好久没去听粤剧了,希望这类电影能多点[脱单doge]",0.5859102062596286,积极
特招蚊,保密,广东,这部应该推向国际,0.6004105011439987,积极
木头人看戏,女,江苏,一直没有开过大会员，因为这个才买的会员,0.024891710865293404,消极
读书使我快乐QVQ,保密,贵州,值得一直能n刷的好剧啊,0.9524988054055631,积极
读书使我快乐QVQ,保密,贵州,本来之前会员已经过期，为了这部电影，又开了，真的好喜欢各种戏剧[保卫萝卜_哭哭],0.9818983931865656,积极
太阳强烈i,女,四川,@夜北ss,0.8728552632117952,积极
倭字也算敏感么,保密,广东,还在纠结飞 啊  蛇被鹤克制 昆仑山怎么长数 等白痴问题  弹幕智力真是一年低过一年,0.985102067269349,积极
麦当劳星期四,保密,浙江,一部古典，经由很多弹幕带着现代眼光看，少了很多纯粹和感动，会煞风景,0.9981849877293236,积极
青松洒白雪,男,四川,"大家有兴趣的看完粤剧版白蛇[打call]，也可以我们的川剧版[脱单doge]川剧版本这部白蛇也很好看，22分钟的舟桥借伞，船上那段女小青超级超级超级可爱[打call][给心心]（川剧里保留了小青本为男的形象，因此有男女两个小青，男小青孔武有力，女小青娇俏可爱)，1小时36分开始的水漫金山是最精彩的一折，打戏精彩[鼓掌]BV1Ps411i7yr
这是03年拍的川剧连续剧版本的白蛇传[给心心]，一次看个够BV19s411R7i5",0.9999999669957214,积极
埋头学习的人,保密,河南,尼玛的，怎么能这么美！,0.8446184808062339,积极
眼花导员,保密,浙江,好看,0.7112462006079026,积极
千丨岁,男,江苏,戏剧，电影，特效，这才是正宗的中西结合啊！看到没，这就叫专业！,0.996105248797812,积极
迷途狂奔,保密,广东,b站上线一周年，又来看看[打call][给心心][热词系列_DNA],0.9762110837345683,积极
黑椒泪人,男,青海,硬币拿去,0.3628082315847182,消极
桂花柚葡萄,保密,四川,之前在影院看的，真的好看,0.8526359954521242,积极
烟雨bobobo,女,未知,有些东西和小时候看的感受不一样了，再看这个故事竟然觉得法海说的有道理[思考]#白蛇传·情#,0.9973380255064022,积极
小悦悦和Amber,女,安徽,水袖卷灯YYDS,0.44767845850986676,消极
不扇你会让我道心不稳,女,湖南,[保卫萝卜_哭哭][保卫萝卜_哭哭]哭哭  好精彩的说,0.89827190979308,积极
-杰_尼-杰_尼-,男,上海,牛啊,0.625,积极
异神之影,保密,江苏,嘶......看完了。人物设定很好，各有各的角度与立场，都讨厌不起来。特效方面有些地方不如意，但该给力的地方都特别给力。尤其是水墨风格画面和特效让我耳目一新，喜欢的不得了。,0.9936197067036873,积极
ice葡萄,保密,广东,什么都别说，你推广粤语，必须三连,0.41829420328653255,消极
hola阿咪,保密,湖南,长沙能不能重映啊??????当时考试是真的去不了,0.5761826113081754,积极
悲笔今晚打脑斧,保密,湖南,当初在电影院带娃看过 那一场坐满了人,0.8072602522161185,积极
有书一起读,女,河南,舞台版也很好看！[打call][打call][打call],0.8386559604248809,积极
空山有鸟语,女,山东,去电影院看的时候意外又幸福的变成了包场，真的好看！,0.9903213157092402,积极
Mr_Buddy,保密,北京,[热词系列_好耶],0.6940317308843034,积极
虚生元气,保密,内蒙古,当年跨年晚会被惊艳到了,0.968012560783553,积极
该用户未设置哔哩昵称,保密,广东,冲冲冲,0.5,中性
Zeppelin42,男,广东,顶级夹子（别骂别骂开玩笑的）我都系广东人，阿爷经常放帝女花噶[脱单doge],0.3039421011759532,消极
许墨秘密情人,女,江西,好美好美好美！！！！！,0.8903860969170491,积极
胖20,保密,四川,我真的不喜欢戏腔[笑哭]不好意思,0.8207350407616674,积极
Ornn1983,保密,江苏,我睡不着的时候会看这个,0.21841456171676965,消极
若言_RY,男,湖北,很喜欢白蛇传的粤剧版，之前就有听过，很喜欢了！这个电影版真的一瞬间就被他吸引住了！真的是国粹了！,0.9996436856585967,积极
胡子渣渣很邋遢,保密,四川,看了开头，画面很美，但是演员的表情怎么看出了恐怖谷效应,0.9972971843744723,积极
叮当一想,保密,浙江,我们这边排片极少，大多还在半夜。真是服了,0.022778863466926147,消极
Edison小稀饭,男,广东,看了6遍了[呲牙],0.6667015894713773,积极
Niki-Mai,保密,广东,00后真的会爱粤剧,0.7645386634439856,积极
diu侠,男,浙江,歌舞神剧,0.9801923611159212,积极
三高啊啊啊,保密,广东,确实美,0.9112497111514545,积极
船长的漂流瓶,保密,云南,美啊！,0.8579088471849866,积极
正在获取昵称请稍后,男,湖北,挺可悲的一件事，当初上映的时候我很想去看，然后约了同学和同事，她们都表示不想看这一部，宁愿去看国产爱情片或者爆米花电影。(同期上映的国产爱情片票房都是按亿算的。。。但是吧，你们懂得),0.9999967414323591,积极
钟形罩瓶,保密,北京,久仰大名[抱拳]今儿才算见识了！,0.8833862831572346,积极
我信-,女,河南,听着耳朵很舒服真的,0.7696762577194747,积极
horiktia,保密,辽宁,我擦，当年找了电影院看的，院线上映的没几家，都是小电影院才放，很震撼，虽然我室友睡着了，但是我很喜欢。[打call],0.8667628672162575,积极
ah729,女,广东,粤剧[tv_笑哭],0.8026664052923724,积极
我想暴富买螺蛳粉吃,保密,北京,我看了，嘿嘿，是我和男朋友看的第一场电影，这部电影可好看可感动了,0.9997825840636341,积极
章鱼妹李兰巡演已开票,保密,广东,有幸带了奶奶和她的三个妹妹（我姨婆）一起去电影院看了，当时整个厅加上我们四个人一共6个人[笑哭],0.6121525935768621,积极
Shandy丨,女,四川,白蛇也是一个被大量再度创作的民间传说，还比如动画电影白蛇缘起。,0.9995913578541632,积极
阿炭aaa,女,贵州,这个超好看,0.7380090927314429,积极
腿软的帝国政委,保密,广东,好看，真滴不错[OK][OK][OK],0.9290395624547932,积极
石城ジ海角,保密,广东,几有新意噶，补住晒传统舞台大戏嘅缺撼，开始时点样都冇听到锣鼓嚓嚓嘟cang（找不到合适的字），仲葛得少咗d味道，点不知立即就听到啦[喜极而泣],0.7779323509367732,积极
发愤自为雄健,保密,广东,犀利,0.692307692307692,积极
色蓝目,保密,陕西,看不懂[呆][给心心],0.6871565638015289,积极
荒诞原始人,保密,广东,我和我男人当时特意去电影院看了！现场感觉真的很好！,0.7255397768040488,积极
zjh小水,保密,广东,这啥 戏剧吗,0.875,积极
Yaya魔法师,女,辽宁,在电影院看的时候控制不住一直哭，从开头哭到中间，到许仙和和尚走了就不哭了，是的我很讨厌许仙[OK]，后面总觉得许仙不值得白蛇那样，有伪善感,0.9999176094383435,积极
niekonieko,男,广东,有没有一种可能，许仙欠白娘子太多了，所以日后（就投胎成了柳毅，而白娘子修炼成功，转世成了龙女三娘（别打我，这样子的逻辑很合理吧？,0.9181042979433729,积极
闵轩,保密,上海,昨天在哔哩哔哩上先看的粤剧舞台版“白蛇传·情”，超级好看。今天发现有电影版，于是充了会员专看它。刚刚看完，画面太唯美了，好看，改编得没有任何违和感，和舞台剧珠联璧合。作为北方人，竟然喜欢江南的昆曲，在上海经常看昆曲。后来在网上听到粤剧“燕子楼”，讲得是唐朝徐州关盼盼的故事，突然感觉粤剧也这么优美。去年一月份寒假特地跑到广州的广东粤剧院 看了三场粤剧。,0.9999945350635273,积极
闵轩,保密,上海,能不能只买此剧，不买会员？,0.08867614619099484,消极
几更醒,保密,广东,水漫金山那段一直卡,0.5630232319635614,积极
序影星空,男,浙江,好！！[给心心][给心心][给心心],0.964790082979715,积极
苏不忙,保密,江苏,买了大会员看了，很好看！满分,0.9031489802685634,积极
早安啊小猫咪,保密,江苏,希望能出更多这样的戏曲电影,0.8779620318274797,积极
FourSeasons喵,女,安徽,老师们的戏剧功力深厚，情感饱满，唱腔扮相服饰无不精致，画面更是唯美，看完仍余音缭绕，一流佳作，必须收藏！,0.9999999999999134,积极
痴迷智者,保密,山西,表现力好棒啊,0.9497646317362007,积极
flower0511,保密,重庆,好看，好看。太好看,0.851090151496926,积极
Yoziee,女,广东,呜呜呜呜真的好好看啊[大哭][大哭][大哭],0.981008514636842,积极
Ravenclaw畑鹿惊同学,保密,山东,二刷来了,0.5,中性
升音好听,男,新疆,太棒了,0.9005911035821151,积极
奔跑吧肥妹妹,保密,广东,再看一遍，很是值得,0.9255375447080247,积极
星雁r,保密,广东,[热词系列_吹爆][热词系列_吹爆][热词系列_吹爆],0.004850579393526844,消极
浮世一混子,男,重庆,好看,0.7112462006079026,积极
阿枣78,保密,广东,我是广东人，对粤剧一般般。刚看完，好感动，好好看！,0.9727431913082593,积极
詹娘娘天神下凡,保密,广东,哈哈哈哈，免费了,0.9116807538611438,积极
kenlin2828,保密,广东,希望各大院线重新排一次期给这部电影[墨镜][墨镜][墨镜],0.801014175143495,积极
Graceiily,女,广东,广东人[热词系列_打卡],0.7092735650266515,积极
JenovaMax,保密,广东,虽然我不喜欢歌剧，不过欣赏下国风画面和现代拍摄水准也是不错的。[脱单doge] 投币了,0.953020067954521,积极
一战道地,保密,江西,要是我外婆还在的话，她一定会非常喜欢的[大哭],0.9731863094659267,积极
迈向新时期,男,福建,从奥奇传说手游的粤剧联动版本过来，刚好也有白蛇传的内容,0.6188337639536099,积极
云在丨指尖,保密,广西,和老一辈传统的粤剧有所改变，为了迎合年轻人的市场吗？看惯了传统戏剧总觉得怪怪的。,0.9991180504560249,积极
禾卡夫卡,保密,广东,我这里二线城市电影院没有排片，幸好B站能看,0.5008421764814672,积极
_啊啾啾啾啾_,女,湖南,我靠 小破站太牛了,0.22957200413926404,消极
耶律狗蛋,保密,广东,看完现场版回来留个言，院长不愧是院长，现场看完一本满足。,0.9971658273190466,积极
luckyiboy,男,甘肃,去年520看的，好的电影片场安排的非常少，跑半个城市看的[呲牙][呲牙]，真的是这几年看过最好的一部电影，当时真的震撼到了,0.9991328939520693,积极
快快太太,保密,北京,这部剧的特效，舞美，音效是谁！给我滚出来！！接受我的滑跪！！！太tmd好看了。救命！！半戏曲爱好者狂喜之作！！！！救命救命！！院长杀我，唱腔又脆又娇，重点是表演真的好好啊！！！我哭了好几次，最后小宝宝出现直接泪崩！！！！太好看了。5555,0.9840438211424546,积极
爱下雨的胖熊,保密,江苏,法海就不是啥好人。。人家许仙可以修道，为啥非要和你们这帮秃子在一起？道士头上是三圣人，不是如来那个死秃驴,0.3636798755477998,消极
爱下雨的胖熊,保密,江苏,法海就是坏，让人家生孩子咋了,0.9539251197920737,积极
vampirecowcow,保密,广东,可惜了，上映没看！好看！,0.6353484722325058,积极
Triton0309,保密,未知,#白蛇传·情#弘法利生,0.2849367076217787,消极
稻香虾滑鸡翅,女,内蒙古,开头也太好听了[大哭][大哭][大哭],0.9657526645583454,积极
稻香虾滑鸡翅,女,内蒙古,画面真的好美,0.9481061020452626,积极
vegetableswim,保密,未知,"#白蛇传·情#
[委屈][委屈][委屈]",0.48727126514576125,消极
帅哥小一,保密,广西,太美了,0.7401846550314694,积极
洋芋日常,保密,浙江,月末快没流量了就看了个开头，我已经开始恨为什么上映的时候我不知道，在影院看肯定超级棒,0.9348228419116651,积极
M-770,保密,浙江,呜呜呜，什么时候越剧也拍这种类型的电影就好了！！！,0.5413193003488784,积极
pankayu,保密,广东,粤韵风华,0.7297953905324696,积极
橘长是只花猫,保密,广东,@广东共青团 团子，为数不多的粤剧电影，不帮忙转播一下吗[奋斗],0.9372530624231393,积极
怒斩天门,保密,海南,没办法一次性购买吗？,0.04038054350751097,消极
岐然的归途,保密,湖南,为啥一听到粤剧老感到恐惧，这么多年了，看来楚人美对我的血脉压制还是那么清晰。,0.9467855830928069,积极
8th字母小凡,女,北京,小青：我不应该在车里，我应该在车底,0.29880949395986256,消极
Withoutinterest,女,广东,这个特效太惊艳了,0.7483406729080341,积极
benjaminkong,保密,广东,壮哉，不曾想父辈钟爱的粤剧有此创新发展，经济发展的大环境，一代代粤剧人的坚守，不懈的艺术追求，都在此片融为一体，剧情来说，情字恰如其分，人物非常丰满，请重映，我要补票！,0.9999999906777964,积极
为弹幕而生的账号,保密,四川,法海还是很讲道理的,0.8268615530789223,积极
小圆丸子235,保密,广东,请这片里的布景才像是神仙住的地方,0.4904687919052714,消极
珠世小姐i,保密,浙江,中国的文学真的好美好美，山无言，水无心。,0.9793432492906053,积极
嗜睡的村民,保密,四川,感谢这部电影让我重拾了白蛇传带来的对爱情奔赴的美好，看得我眼泪哗哗的。,0.9998684308129431,积极
chunjf,保密,广东,天哪拍的好美！！,0.6547271850114302,积极
赤火小猪抱的梁,保密,江苏,早就想看了 b站如果作为学习的地方是真的不错,0.9878699977361779,积极
隐形兽小酱,男,广东,下周去剧院看现场版[脱单doge],0.13278786473891369,消极
图灵之巅,保密,河北,绝  美国风……,0.8198150777456877,积极
达奚飞雪,保密,陕西,豫剧白蛇传更好听，看的人眼泪哗哗的,0.825664753985214,积极
于氏牵着你,男,安徽,怎么有点黄梅戏的味道[doge][doge],0.3792064222329241,消极
折原封鳴,保密,广西,有弹幕说许仙是莲花，而白蛇的救命恩人其实是那个采药小生才对，从小生的女相来看，是不是白蛇真正的恩人是青蛇[脱单doge]毕竟传说青蛇喜欢白蛇，并且还是条雄蛇[傲娇]青白一起就没有这么多冤孽了，反而是妖中眷侣，说不定以后还是仙侣[洛天依],0.9999999691869718,积极
阿其所好,保密,广东,希望看到更多的粤剧制作成电影,0.9051243435335471,积极
--又甘又刻--,男,广东,B站牛逼！！！！！,0.21950065425692622,消极
天使沉默无语,男,山东,谁拍一下小青火烧雷峰塔救出白素贞，法海躲进螃蟹里去的这个结局,0.9990945878363013,积极
男德标兵,男,河南,来哔站宣传是来对了,0.06909652831063784,消极
斗战胜佛孙悟空他爸爸,保密,海南,这东西你跟外国人说一万年他也不理解,0.689107121578325,积极
账号已注销,保密,广西,希望出个普通话版，让我妈也看看~,0.7049387179676379,积极
是钱毛毛啊,保密,河北,这不是枯山水吧？人家这石子还是石子，没有代替水啊，是纯粹用来铺路的吧,0.5224888940621245,积极
别动我的麦丽素,保密,广东,存着回家和爷爷奶奶一起看[吃瓜][吃瓜][吃瓜],0.931987426585758,积极
只要半分钟,保密,广东,好看好听，希望广东的年轻人多宣传粤语传统文化。,0.9105045475204501,积极
好歴者,男,湖北,广东人打call[歪嘴],0.1484676041343196,消极
部长jimlee,男,安徽,我就很奇怪，虽然我是北方的吧，但当时那么好的电影，包括万达一个影院都不排片就很奇怪[辣眼睛]这部电影当时在网上也挺火的啊。,0.9812222551775878,积极
逢场小憩,保密,重庆,确实很棒了！,0.9837591109459867,积极
coco-喻,男,河南,太强了，这部剧大爱[脸红],0.3197300997019177,消极
时及云起,保密,四川,为什么一卡一卡的呀，手机和电脑都是,0.2762272301959636,消极
panpanhuang,保密,北京,唱腔好好听吖，扮相俊、美，演员很棒[鼓掌],0.9999419574235123,积极
-韩天尊-,保密,广东,又美又好看！,0.9305032603766559,积极
NatalieKing,女,广东,电影已经看过了，好看！还买了11月的舞台版的票，坐等！期待！,0.6995323593643461,积极
我爱艺术概论,女,广东,白素贞修炼千年，只为见他一面，追随百年。一千年来白从蛇形一点点炼成人身，这其中的苦难也只有白一人清楚一人尝，亦没有君常相依傍。往深刻了说，白并不全是为许仙一人而苦修千年，而是为了人间一个情字而修，为了感受人间的真善美而修。站在凡人角度看待许仙的成长历程，发现亦是如此，纯粹的热爱和真情是双方的追求。千年的苦你不必知道，我背后为你默默做了什么也不必全知全晓。重要的是我用这千百年的血汗才换来了与你相遇的缘分，所以你的一言一语，我有认真聆听；你的一颦一笑，我有观察留心。我在助你朝着理想前进同时，也是在助我自己朝我的理想靠近，这一切都是为了接近你，接近心中理想。所以为了你，为了心中理想境界，方能舍生忘死！,1.0,积极
小羽贝纳雷斯,保密,上海,还是靠科技支撑呀，并没有看到突出核心的东西，京剧之类的传统曲目基本上到了70后之后也就消亡了,0.9999440765392063,积极
往人间赊一春-,女,广东,很好看很好看[鼓掌],0.9821447885908668,积极
土人一架,保密,广东,这是中国古代的爱情故事[喜极而泣],0.9982406197111239,积极
迪珊,保密,甘肃,好美啊，好像水墨画,0.615805554007885,积极
亲爱的牛鲜花,保密,未知,还记得当时在长沙一个人去电影院看了，整场只有十几个人，但是我从头到尾欣赏完了，不管是特效还是唱腔，虽然我是个门外汉，但是真的觉得很美很好听啊，去年在b站上映后，是要单独收费的，6块钱，一直都没重温，今天点进来发现已经可以直接看了，真好，继续收藏了#白蛇传·情#,0.99576514256886,积极
是个小姐姐呀,女,江苏,这种七分都算高的。,0.569688664869348,积极
最大的星球,保密,浙江,反派的青白蛇 可笑 法海是个好人 就苦就难居然把他搞得像反派一样 我是真的看不懂了。,0.5207196992362022,积极
晷阿,保密,浙江,刚看完舞台版。真的各有各的好，都值得看看。打戏一气呵成太绝了,0.9970037319699065,积极
归涧还林,女,广东,深圳坪山大剧院9.24的场次，买了票不想去了，免费送，想要的联系我,0.08207673276555927,消极
忆辰尘,保密,浙江,今天刚看完舞台版的，再过来看电影版的重温下 太美了,0.9972963765583965,积极
鲤鹰,保密,云南,从看到预告就开始期待，可惜我们这边没有排片，终于可以在线上看了，景色真的超级漂亮，特效真的做得很好，我不懂戏但是觉得戏剧特色真的也很好，真是超级棒的一部电影了，能看到这样一部电影真好啊。[星星眼],0.9999998383495169,积极
碧落琥珀,保密,山东,这么好的电影居然不知道，传统文化的宣传需要加油,0.935536246583643,积极
Camillor,保密,湖南,什么时候什么时候出部梁祝呀,0.9459763709784877,积极
鬼神言,保密,陕西,期待下一部,0.750708349189464,积极
星期八的美好时光,保密,安徽,确实看哭了，白蛇感情至深，许仙是懦弱但是能感觉到深情，在这次改编中的法海，一方面表现出刚正不阿、能力高强，降伏各路妖魔鬼怪，泰山崩于面前而不改其色，一方面又显露出佛门的慈悲，一直都劝白蛇离开就好，佛门弟子也始终没有伤及她性命。尤其是打斗的戏太经典了，白蛇青蛇一腔孤勇至死不悔，佛门的威严和武力值尽显。,0.9999999999999967,积极
拖拖图,保密,上海,这是艺术啊！！！,0.6519274080549418,积极
爱吃草莓两三斤,女,广东,假唱？,0.8507885407374197,积极
壹对皮蛋,保密,广东,可惜这部剧不在香港大量宣传海报,0.8452372030113565,积极
杨1大,保密,云南,不能单独购买么？,0.7835168884381254,积极
芙莉儿_Fulill_,保密,陕西,唉 这世道真能变呐 ，想着 白蛇传 说在明朝的时候只是大白蛇见色起义 ，法海大师，将其收复的故事，结果到清朝的时候是大白蛇就变成报恩的了 ，原本书中正义的法海反而成了反派[笑哭],0.9999894383515885,积极
超级麻里嗷_,保密,北京,之前在广州上映的时候恰逢疫情 电影院都关了没看成 遗憾了好久T T 今天在B站上看了呜呜呜呜呜呜呜真的太好看了[大哭],0.9965228682991188,积极
彼岸花32,保密,未知,#白蛇传·情#,0.21599703704307893,消极
断浪_-,保密,江苏,戏剧不是国风，神话更不是,0.8844919096385319,积极
小小雅馨001,保密,湖南,好精美啊，太棒了,0.9772766273797753,积极
45阿,保密,广东,回看古代，才能有这么悲壮的爱情观。以前的人把爱看得很重，很重。失去了，要等百年千年才能重遇。你以为一辈子，真的就是下辈子吗？所谓下辈子，可能要历尽多少个轮回才能重遇相爱？珍惜吧，过错了就遇不到了,0.9999764686636379,积极
勾孑,男,贵州,盘州人拜赏，希望粤剧（帝女花）也能出电影版,0.9428639926350941,积极
老野吖,保密,广东,试着接受不一样的文化嘛，没必要看到不一样的的东西就急着宣泄自己浮躁的情绪,0.8634796406615475,积极
魂奇黑捷斯,保密,广东,最后的唱段我特么一口气看了5遍，太太太太好了[打call][打call][打call][打call][打call],0.516985927561978,积极
魔方茶壶,保密,四川,整体质感真是棒,0.994604921217797,积极
WANG冠希,男,重庆,@混森清梦 老程，看看这个粤剧，真的可以,0.9205929992532075,积极
惊鸿一剑满霜寒,保密,广东,唱得好好好好好好好好好,0.9554901782539931,积极
啊这个么,保密,吉林,了不起啊,0.6666666666666666,积极
归途难问,保密,山东,台词有点太通俗了，感觉不能用戏曲的标准去评价这部作品，因为它本质上是一部古装电影，只是掺杂了戏曲元素。从这个角度看，顿觉舒服多了。场景美轮美奂，故事也称得上精彩，算是挺不错的电影。虽然算不上真正的戏曲，但仍值得一看。,0.9999999712387283,积极
莲蓉包没馅,女,广东,字幕太小了，怎么调啊？[登门喜鹊_emm],0.03540997676894653,消极
夏虫不语冰__,保密,江西,会重映吗？[委屈],0.6199081837878059,积极
SaraRWBY,保密,广东,昨晚看了现场舞台剧，超级棒,0.4663020164858358,消极
啊噗啊部啦,女,山东,她可是曾小敏啊……唉,0.8542836509387719,积极
物知朔泓,女,四川,这么好的电影我才看，好在看了。[给心心],0.9820077731699238,积极
第一人参赢家,保密,北京,刚看了几个这位主演院长的塌房视频，说她不好的[笑哭][笑哭][笑哭][笑哭],0.9932876744177436,积极
亮亮和丽丽,女,河南,必须投俩币！,0.4737672181921908,消极
亮亮和丽丽,女,河南,简直被惊艳到了,0.5100169792171755,积极
亮亮和丽丽,女,河南,我来啦！！,0.3075601374570447,消极
账号已注销,保密,广东,如果可以实景拍摄就好了，这背景有点假，经常出戏[保卫萝卜_哭哭],0.919298622668204,积极
clement933,保密,上海,这电影 很不错！！！！！,0.8411365298288918,积极
彩虹果冻rrs,保密,广东,在影院看真的是极致的享受，用电脑看再怎么样还是比在影院要差一些，这个电影各方面质量都很高，完全不比国外的经典音乐电影逊色，我一个不太爱听传统戏曲的看了以后完全刷新了观念，看了好几遍，可惜我们现在这种能完美融合传统艺术和现代技术的电影还是太少了，不然何愁传统艺术的传承发扬,0.9999999996679196,积极
草莓里的霉,保密,浙江,看完真的深深震撼到我了，从来没想过原来我们的戏剧也可以拍的那么美。我后悔，后悔没能看电影贡献票房，没能亲自去看现场领略粤剧的美，真的感谢一路坚持的戏剧演员们，是你们造就了这部旷世的作品，曾院的表演真的令人赞叹不已，其他的演员也是如此，希望有机会亲自去看现场版[tv_大哭],0.9999999999263287,积极
醉月狂客,保密,重庆,这剧一投屏就卡死，不知为何。在群聊里面发这消息，居然被吞了,0.0002457438243199661,消极
明晰先生,男,广东,他人即地狱，不若入全真。,0.293893071304305,消极
橘里ju气惹w,保密,山东,太好看了,0.5375152786177115,积极
小橙子121388,女,广东,强行信教,0.3104160936911723,消极
焱尚祭,保密,湖北,戏曲舞台逻辑的创新，一点违和感都没有，而且还很新颖，跟布袋戏科技感觉很像，个人是觉得好评的，至少从戏曲走向国际舞台脚步而言，这一步必不可少,0.9999997802413795,积极
Zoulill1108,女,四川,真的太棒了，这部剧！太美了！古画中分水墨留白，这种影视表现的真的太绝了！太有中国味了！,0.9988314396565817,积极
哔哩嘀哩驴驴,男,四川,"醉了,才发现今天七夕,我居然看这个[大哭]",0.4218479438895697,消极
加油学习把,保密,江苏,电影院看过,0.5618565332226944,积极
鲤鱼瞳HiTOMi,女,北京,传统戏剧跟进时代的一份完美答卷啊[保卫萝卜_哭哭]好美好美，没看过粤剧也觉得拍的好好，当时把这个电影给忘了，好恨,0.9999810826560493,积极
神兽lily,保密,广东,最喜欢这首[大哭]87：32,0.8980649916875599,积极
飞来爬去,男,浙江,看这片的人已经很老了，快走不动了,0.8050192326097416,积极
破晓在东方,保密,江苏,会有第二部许仕林救母吗？,0.9776342089556138,积极
希望明天还能遇见你,保密,广东,如果再出一部《梁山伯与祝英台》就更好了,0.9789740057869619,积极
李成CZ,保密,广西,太美了 ！唯美爱情,0.9965247847945432,积极
xlbmh,保密,上海,青白的衣服真是好看死了,0.5124651346777357,积极
孤鴻寄語黓龍君,保密,上海,片子各方面都好好。把法海拍的很理性，我觉得好合理。为了白和许双方都好。,0.968527352431697,积极
珅某,男,陕西,看不懂,0.42581389983146645,消极
创意中闯荡未来,保密,上海,去年上映的时候，想去电影院看电影，但同期的没啥好的，不知道看什么，很喜欢白蛇传的故事，就抱着猎奇的心理买了票，也是第一次听粤剧。当时整个场除了我，就只有零星几个中老年人[笑哭]不成想挖到宝了，视听和艺术的双重享受，绕梁三日,0.9998252818860054,积极
账号已注销,保密,广东,看了这个电影以后，我脑中的白娘子小青的形象由赵雅芝陈美琪变成曾小敏朱红星了,0.9999881545295475,积极
账号已注销,保密,广东,美绝,0.8964478496456482,积极
账号已注销,保密,广东,真好看,0.7147582337589132,积极
桃子不够脆,男,山西,平时听昆曲京剧多些，粤剧初体验直接拉满！看得我眼泪直流[大哭]期待新作！,0.9998419434299677,积极
冲上云霄九万里,男,北京,广而告之：明晚7.29日20:00敏宝在抖音直播间直播。敬请广大粉丝们一起关注！[喜欢][打call],0.24051369755015317,消极
wuwenmei,保密,广东,后悔没去影院看[大哭],0.3633296167665846,消极
pinkyqaq,保密,四川,11:18 小青，揍死他 揍死他喂  全剧终[doge],0.3739415888914218,消极
pinkyqaq,保密,四川,11:18 小青，揍死他  揍死他喂[doge],0.39649036561138595,消极
pinkyqaq,保密,四川,小青，揍死他 揍死他阿[doge],0.421874597530976,消极
